PitchNo,Date,Time,PAofInning,PitchofPA,Pitcher,PitcherId,PitcherThrows,PitcherTeam,Batter,BatterId,BatterSide,BatterTeam,PitcherSet,Inning,Top/Bottom,Outs,Balls,Strikes,TaggedPitchType,AutoPitchType,PitchCall,KorBB,TaggedHitType,PlayResult,OutsOnPlay,RunsScored,Notes,RelSpeed,VertRelAngle,HorzRelAngle,SpinRate,SpinAxis,Tilt,RelHeight,RelSide,Extension,VertBreak,InducedVertBreak,HorzBreak,PlateLocHeight,PlateLocSide,ZoneSpeed,VertApprAngle,HorzApprAngle,ZoneTime,ExitSpeed,Angle,Direction,HitSpinRate,PositionAt110X,PositionAt110Y,PositionAt110Z,Distance,LastTrackedDistance,Bearing,HangTime,pfxx,pfxz,x0,y0,z0,vx0,vy0,vz0,ax0,ay0,az0,HomeTeam,AwayTeam,Stadium,Level,League,GameID,PitchUID,EffectiveVelo,MaxHeight,MeasuredDuration,SpeedDrop,PitchLastMeasuredX,PitchLastMeasuredY,PitchLastMeasuredZ,ContactPositionX,ContactPositionY,ContactPositionZ,GameUID,UTCDate,UTCTime,LocalDateTime,UTCDateTime,AutoHitType,System,HomeTeamForeignID,AwayTeamForeignID,GameForeignID,Catcher,CatcherId,CatcherThrows,CatcherTeam,PlayID,PitchTrajectoryXc0,PitchTrajectoryXc1,PitchTrajectoryXc2,PitchTrajectoryYc0,PitchTrajectoryYc1,PitchTrajectoryYc2,PitchTrajectoryZc0,PitchTrajectoryZc1,PitchTrajectoryZc2,HitSpinAxis,HitTrajectoryXc0,HitTrajectoryXc1,HitTrajectoryXc2,HitTrajectoryXc3,HitTrajectoryXc4,HitTrajectoryXc5,HitTrajectoryXc6,HitTrajectoryXc7,HitTrajectoryXc8,HitTrajectoryYc0,HitTrajectoryYc1,HitTrajectoryYc2,HitTrajectoryYc3,HitTrajectoryYc4,HitTrajectoryYc5,HitTrajectoryYc6,HitTrajectoryYc7,HitTrajectoryYc8,HitTrajectoryZc0,HitTrajectoryZc1,HitTrajectoryZc2,HitTrajectoryZc3,HitTrajectoryZc4,HitTrajectoryZc5,HitTrajectoryZc6,HitTrajectoryZc7,HitTrajectoryZc8,ThrowSpeed,PopTime,ExchangeTime,TimeToBase,CatchPositionX,CatchPositionY,CatchPositionZ,ThrowPositionX,ThrowPositionY,ThrowPositionZ,BasePositionX,BasePositionY,BasePositionZ,ThrowTrajectoryXc0,ThrowTrajectoryXc1,ThrowTrajectoryXc2,ThrowTrajectoryYc0,ThrowTrajectoryYc1,ThrowTrajectoryYc2,ThrowTrajectoryZc0,ThrowTrajectoryZc1,ThrowTrajectoryZc2,PitchReleaseConfidence,PitchLocationConfidence,PitchMovementConfidence,HitLaunchConfidence,HitLandingConfidence,CatcherThrowCatchConfidence,CatcherThrowReleaseConfidence,CatcherThrowLocationConfidence
1,2026-09-04,15:57:55.57,1,1,"Timmerman, Tucker",822411,Right,NEB,"Jindra, Brody",842004,Right,NEB,Undefined,1,Bottom,0,0,0,Sinker,Sinker,StrikeCalled,Undefined,Undefined,Undefined,0,0,,89.34305,-1.109282,-4.1645,2142.768463,232.212162,1:45,5.62175,2.79453,6.83032,-22.47879,10.77111,12.78087,2.73391,0.05436,83.19129,-5.346855,-1.83721,0.415018,,,,,,,,,,,,-7.7102,6.2526,-2.53085,50,5.54178,8.9959,-129.87936,-3.14306,-13.43068,22.15402,-21.28243,NEB,NEB,UNebraska,TeamExclusive,Team,20260904-UNebraska-Private-3,4daa5460-a8a3-11f1-8243-4f0324f7f614,90.82129,,,6.15176,,,,,,,3a45c290-6ade-4fcd-816b-cea7ae13fb8f,2026-09-04,20:57:55.57,2026-09-04T15:57:55.5736064-05:00,2026-09-04T20:57:55.5736064Z,,v3,4865,4865,,"Worthley, Jeter",828636,Right,NEB,3dc2bc77-4edc-4014-8dae-73fff7925ae2,53.67213,-130.50423,11.07701,5.62197,-2.54278,-10.64121,-2.78993,9.37471,-6.71534,,,,,,,,,,,,,,,,,,,,,,,,,,,,,,,,,,,,,,,,,,,,,,,,,,,High,High,High,,,,,
2,2026-09-04,15:58:19.12,1,2,"Timmerman, Tucker",822411,Right,NEB,"Jindra, Brody",842004,Right,NEB,Undefined,1,Bottom,0,0,1,Cutter,Slider,InPlay,Undefined,GroundBall,Single,0,0,,89.36905,-1.929027,-3.386307,2455.301933,168.502045,11:30,5.57905,2.94202,6.57981,-25.67986,7.88142,-1.4291,1.66736,-0.28422,83.49164,-6.70647,-3.645533,0.416956,82.9365,3.858267,16.775608,3939.958627,,,,87.06296,80.13027,20.667399,0.792138,-0.00772,4.86177,-2.70903,50,5.43551,7.74038,-129.92866,-5.1569,-0.01346,22.48823,-23.70902,NEB,NEB,UNebraska,TeamExclusive,Team,20260904-UNebraska-Private-3,5bb1f180-a8a3-11f1-8243-4f0324f7f614,90.39898,2.81808,,5.87741,,,,0.26681,1.53102,0.35061,3a45c290-6ade-4fcd-816b-cea7ae13fb8f,2026-09-04,20:58:19.12,2026-09-04T15:58:19.1216128-05:00,2026-09-04T20:58:19.1216128Z,GroundBall,v3,4865,4865,,"Worthley, Jeter",828636,Right,NEB,68677af6-420f-46b9-9eaa-c4e6b29b77f6,53.92271,-130.60584,11.24411,5.58005,-4.44295,-11.85451,-2.94212,7.74079,-0.00673,249.610951,0.3311,115.0974,-16.10134,,,,,,,1.54138,8.01162,-12.5865,,,,,,,0.31637,35.6236,3.54366,,,,,,,,,,,,,,,,,,,,,,,,,,,,,High,High,High,High,High,,,
3,2026-09-04,15:58:56.37,2,1,"Timmerman, Tucker",822411,Right,NEB,"Reeder, Wyatt",1000430942,Left,NEB,Undefined,1,Bottom,0,0,0,Sinker,Sinker,FoulBallNotFieldable,Undefined,Undefined,Undefined,0,0,,90.16504,-2.066309,-3.643439,2240.612537,242.943108,2:00,5.45472,1.58412,6.65161,-24.50399,8.42685,14.78292,1.5169,-0.5231,83.94427,-6.650261,-0.955995,0.413022,,,,,,,,,,,,-8.71323,5.19355,-1.34445,50,5.30511,7.81025,-131.07304,-5.46528,-15.41477,23.30856,-22.98605,NEB,NEB,UNebraska,TeamExclusive,Team,20260904-UNebraska-Private-3,71e58980-a8a3-11f1-8243-4f0324f7f614,91.26023,,,6.22077,,,,,,,3a45c290-6ade-4fcd-816b-cea7ae13fb8f,2026-09-04,20:58:56.37,2026-09-04T15:58:56.3740160-05:00,2026-09-04T20:58:56.3740160Z,,v3,4865,4865,,"Worthley, Jeter",828636,Right,NEB,020759c4-bc10-4e11-98b5-8c4e23b3e064,53.85218,-131.75629,11.65428,5.45544,-4.79149,-11.49303,-1.58002,8.26211,-7.70739,,,,,,,,,,,,,,,,,,,,,,,,,,,,,,,,,,,,,,,,,,,,,,,,,,,High,High,High,,,,,
4,2026-09-04,15:59:47.37,2,2,"Timmerman, Tucker",822411,Right,NEB,"Reeder, Wyatt",1000430942,Left,NEB,Undefined,1,Bottom,0,0,1,Cutter,Cutter,FoulBallNotFieldable,Undefined,Undefined,Undefined,0,0,,87.90143,-2.066864,-2.282646,2546.793776,178.215624,12:00,5.59697,1.83193,6.52042,-23.79446,10.95276,-0.31295,1.71535,-0.28966,81.9828,-6.511638,-2.339453,0.424259,,,,,,,,,,,,-0.35681,6.52138,-1.67286,50,5.44237,5.1089,-127.88537,-5.31396,-0.60113,22.09062,-21.18699,NEB,NEB,UNebraska,TeamExclusive,Team,20260904-UNebraska-Private-3,90491400-a8a3-11f1-8243-4f0324f7f614,88.84291,,,5.91863,,,,,,,3a45c290-6ade-4fcd-816b-cea7ae13fb8f,2026-09-04,20:59:47.37,2026-09-04T15:59:47.3791488-05:00,2026-09-04T20:59:47.3791488Z,,v3,4865,4865,,"Worthley, Jeter",828636,Right,NEB,e073d82f-fbff-4a8e-bd3d-870de0181932,53.98222,-128.57141,11.04531,5.59718,-4.65598,-10.59349,-1.83181,5.12757,-0.30056,,,,,,,,,,,,,,,,,,,,,,,,,,,,,,,,,,,,,,,,,,,,,,,,,,,High,High,High,,,,,
5,2026-09-04,16:00:17.76,2,3,"Timmerman, Tucker",822411,Right,NEB,"Reeder, Wyatt",1000430942,Left,NEB,Undefined,1,Bottom,0,0,2,Slider,Curveball,BallCalled,Undefined,Undefined,Undefined,0,0,,78.32762,1.384509,2.351002,2591.148524,71.984515,8:30,5.67273,1.86681,5.92946,-48.1879,-3.07075,-13.40497,2.94302,2.93233,72.45359,-7.460717,-0.057233,0.48344,,,,,,,,,,,,7.44217,-1.47965,-2.04738,50,5.75634,-4.17645,-113.84628,1.21895,9.84702,19.30452,-34.13181,NEB,NEB,UNebraska,TeamExclusive,Team,20260904-UNebraska-Private-3,a27b9620-a8a3-11f1-8243-4f0324f7f614,77.96723,,,5.87403,,,,,,,3a45c290-6ade-4fcd-816b-cea7ae13fb8f,2026-09-04,21:00:17.76,2026-09-04T16:00:17.7650000-05:00,2026-09-04T21:00:17.7650000Z,,v3,4865,4865,,"Worthley, Jeter",828636,Right,NEB,efbd8f50-6439-43c3-ba18-3f0b2d1246d1,54.57323,-114.61912,9.65226,5.68019,2.58539,-17.06591,-1.87229,-4.57067,4.92351,,,,,,,,,,,,,,,,,,,,,,,,,,,,,77.14875,2.359274,1.109811,1.249463,-2.69531,2.37771,-2.92149,0.42892,5.91783,-3.95887,127.27822,-0.2698,2.40977,0.5199,111.57806,-8.19676,5.93552,9.93938,-11.95109,-3.9704,4.14149,0.78347,High,High,High,,,High,Medium,Medium
6,2026-09-04,16:00:46.96,2,4,"Timmerman, Tucker",822411,Right,NEB,"Reeder, Wyatt",1000430942,Left,NEB,Undefined,1,Bottom,0,1,2,Cutter,Cutter,StrikeSwinging,Strikeout,Undefined,Undefined,0,0,,88.27462,-1.144777,-3.059665,2500.726326,170.49925,11:45,5.67092,1.81209,6.56607,-25.19659,9.18851,-1.39036,2.52011,-1.11134,82.32925,-5.849747,-3.311861,0.422043,,,,,,,,,,,,0.04335,5.36677,-1.6008,50,5.58104,6.91418,-128.43653,-3.31029,0.07366,22.2423,-23.05272,NEB,NEB,UNebraska,TeamExclusive,Team,20260904-UNebraska-Private-3,b3cf7810-a8a3-11f1-8243-4f0324f7f614,89.30952,,,5.94537,,,,,,,3a45c290-6ade-4fcd-816b-cea7ae13fb8f,2026-09-04,21:00:46.96,2026-09-04T16:00:46.9600256-05:00,2026-09-04T21:00:46.9600256Z,,v3,4865,4865,,"Worthley, Jeter",828636,Right,NEB,630adfd2-e4a3-4403-97ca-c093e5a6540c,53.93755,-129.11662,11.12115,5.67149,-2.60541,-11.52636,-1.81218,6.91193,0.03683,,,,,,,,,,,,,,,,,,,,,,,,,,,,,,,,,,,,,,,,,,,,,,,,,,,High,High,High,,,,,
7,2026-09-04,16:01:22.66,3,1,"Timmerman, Tucker",822411,Right,NEB,"Jesske, Will",822405,Right,NEB,Undefined,1,Bottom,1,0,0,Slider,Curveball,BallCalled,Undefined,Undefined,Undefined,0,0,,77.94881,0.326947,-0.309238,2638.394882,75.559486,8:30,5.60621,3.41167,5.95038,-48.18034,-2.67563,-15.40871,1.89443,1.8408,72.32934,-8.50142,-3.082765,0.485512,,,,,,,,,,,,7.82933,-1.04122,-3.37853,50,5.60521,1.17147,-113.41417,-0.8644,10.25746,19.60269,-33.53816,NEB,NEB,UNebraska,TeamExclusive,Team,20260904-UNebraska-Private-3,c9227410-a8a3-11f1-8243-4f0324f7f614,77.63445,,,5.61947,,,,,,,3a45c290-6ade-4fcd-816b-cea7ae13fb8f,2026-09-04,21:01:22.66,2026-09-04T16:01:22.6611200-05:00,2026-09-04T21:01:22.6611200Z,,v3,4865,4865,,"Worthley, Jeter",828636,Right,NEB,edd582b2-a35a-4893-8ba8-6ddfc5ff31d9,54.55271,-114.19835,9.80134,5.61295,0.47726,-16.76908,-3.41719,0.76113,5.12873,,,,,,,,,,,,,,,,,,,,,,,,,,,,,,,,,,,,,,,,,,,,,,,,,,,High,High,High,,,,,
8,2026-09-04,16:01:44.04,3,2,"Timmerman, Tucker",822411,Right,NEB,"Jesske, Will",822405,Right,NEB,Undefined,1,Bottom,1,1,0,Cutter,Slider,InPlay,Undefined,Popup,Out,1,0,,87.82541,-0.54694,-4.304192,2525.380317,166.9583,11:30,5.57029,3.19228,6.50794,-25.2836,9.67875,-2.03126,2.95993,-0.93461,81.72378,-5.266764,-4.671052,0.425571,72.59833,65.438136,42.702448,,,,,117.5749,52.39384,61.771147,5.245018,0.07457,5.49276,-2.89034,50,5.52069,9.67546,-127.58508,-1.96595,0.12484,22.33362,-22.97617,NEB,NEB,UNebraska,TeamExclusive,Team,20260904-UNebraska-Private-3,d5d41e20-a8a3-11f1-8243-4f0324f7f614,88.56919,113.82898,,6.10163,,,,1.0249,3.79838,1.01579,3a45c290-6ade-4fcd-816b-cea7ae13fb8f,2026-09-04,21:01:44.04,2026-09-04T16:01:44.0407040-05:00,2026-09-04T21:01:44.0407040Z,Popup,v3,4865,4865,,"Worthley, Jeter",828636,Right,NEB,b20d25e0-0c45-4d74-bf8c-cb3547686bcc,53.99499,-128.28249,11.16681,5.57088,-1.24847,-11.48809,-3.19242,9.67156,0.06242,194.514526,1.01791,32.62186,-15.05491,5.08391,-1.04095,0.04862,0.03517,-0.00802,0.00053,3.77881,97.22498,-27.39677,4.94414,-2.10337,0.72504,-0.14778,0.01531,-0.00062,1.01963,29.93962,-4.47288,0.52745,0.24795,-0.16034,0.04077,-0.00497,0.00024,,,,,,,,,,,,,,,,,,,,,,,High,High,High,Medium,Low,,,
9,2026-09-04,16:02:22.93,4,1,"Timmerman, Tucker",822411,Right,NEB,"Huenfeld, Cru",1000594801,Left,NEB,Undefined,1,Bottom,2,0,0,ChangeUp,Changeup,BallCalled,Undefined,Undefined,Undefined,0,0,,84.02592,-3.263956,-2.309139,1400.329304,256.043109,2:30,5.5716,1.76257,6.57671,-34.35553,3.71512,10.88477,-0.28861,0.55205,78.68229,-9.601742,-0.326047,0.444085,,,,,,,,,,,,-6.36079,2.98666,-1.60871,50,5.3324,4.56199,-122.15962,-7.96831,-9.75563,20.69053,-27.59339,NEB,NEB,UNebraska,TeamExclusive,Team,20260904-UNebraska-Private-3,ed059e20-a8a3-11f1-8243-4f0324f7f614,84.87656,,,5.34363,,,,,,,3a45c290-6ade-4fcd-816b-cea7ae13fb8f,2026-09-04,21:02:22.93,2026-09-04T16:02:22.9323776-05:00,2026-09-04T21:02:22.9323776Z,,v3,4865,4865,,"Worthley, Jeter",828636,Right,NEB,88b8a774-5b89-4d3a-9009-2abdf26f8748,53.92751,-122.82303,10.34527,5.5737,-7.08357,-13.79669,-1.76,4.87479,-4.87782,,,,,,,,,,,,,,,,,,,,,,,,,,,,,,,,,,,,,,,,,,,,,,,,,,,High,High,High,,,,,
10,2026-09-04,16:02:52.45,4,2,"Timmerman, Tucker",822411,Right,NEB,"Huenfeld, Cru",1000594801,Left,NEB,Undefined,1,Bottom,2,1,0,Sinker,Sinker,BallCalled,Undefined,Undefined,Undefined,0,0,,91.1787,-3.193768,-3.179746,2170.533817,235.177053,1:45,5.65829,1.55821,6.71403,-22.39773,9.80776,12.84048,0.86469,-0.28152,84.85597,-7.389657,-0.840707,0.408448,,,,,,,,,,,,-7.57166,6.22024,-1.35217,50,5.43725,6.8863,-132.46629,-8.05638,-13.66098,24.21416,-20.9513,NEB,NEB,UNebraska,TeamExclusive,Team,20260904-UNebraska-Private-3,fe999650-a8a3-11f1-8243-4f0324f7f614,92.2822,,,6.32273,,,,,,,3a45c290-6ade-4fcd-816b-cea7ae13fb8f,2026-09-04,21:02:52.45,2026-09-04T16:02:52.4514304-05:00,2026-09-04T21:02:52.4514304Z,,v3,4865,4865,,"Worthley, Jeter",828636,Right,NEB,d6945e11-dea5-456f-bf80-29e95c4b404a,53.78886,-133.15707,12.10708,5.65856,-7.45868,-10.47565,-1.55418,7.27602,-6.83049,,,,,,,,,,,,,,,,,,,,,,,,,,,,,,,,,,,,,,,,,,,,,,,,,,,High,High,High,,,,,
11,2026-09-04,16:03:12.81,4,3,"Timmerman, Tucker",822411,Right,NEB,"Huenfeld, Cru",1000594801,Left,NEB,Undefined,1,Bottom,2,2,0,Cutter,Cutter,StrikeCalled,Undefined,Undefined,Undefined,0,0,,88.38129,-1.521901,-1.513618,2559.878657,172.009729,11:45,5.57323,1.91439,6.67262,-27.11387,7.01512,-0.86063,1.92057,0.45758,82.44106,-6.584158,-1.67046,0.420468,,,,,,,,,,,,0.10835,4.34544,-1.81274,50,5.46031,3.43178,-128.69289,-4.22142,0.1848,22.40962,-24.76136,NEB,NEB,UNebraska,TeamExclusive,Team,20260904-UNebraska-Private-3,0ac324a0-a8a4-11f1-8243-4f0324f7f614,89.64394,,,5.94023,,,,,,,3a45c290-6ade-4fcd-816b-cea7ae13fb8f,2026-09-04,21:03:12.81,2026-09-04T16:03:12.8154624-05:00,2026-09-04T21:03:12.8154624Z,,v3,4865,4865,,"Worthley, Jeter",828636,Right,NEB,bfc885a8-09e5-4133-923d-255ce547b8dd,53.82933,-129.35798,11.20481,5.57469,-3.48653,-12.38068,-1.91451,3.42629,0.0924,,,,,,,,,,,,,,,,,,,,,,,,,,,,,,,,,,,,,,,,,,,,,,,,,,,High,High,High,,,,,
12,2026-09-04,16:03:47.87,4,4,"Timmerman, Tucker",822411,Right,NEB,"Huenfeld, Cru",1000594801,Left,NEB,Undefined,1,Bottom,2,2,1,Sinker,Sinker,StrikeSwinging,Undefined,Undefined,Undefined,0,0,,90.26454,-2.023388,-2.597531,2161.546245,229.455035,1:45,5.52506,1.77417,6.6574,-22.23619,10.65115,11.3993,1.81769,0.34538,83.79689,-6.20417,-0.522639,0.412749,,,,,,,,,,,,-6.635,6.39394,-1.60367,50,5.37968,5.5281,-131.28303,-5.28763,-11.74424,24.09262,-20.85649,NEB,NEB,UNebraska,TeamExclusive,Team,20260904-UNebraska-Private-3,1fa49a20-a8a4-11f1-8243-4f0324f7f614,91.32059,,,6.46764,,,,,,,3a45c290-6ade-4fcd-816b-cea7ae13fb8f,2026-09-04,21:03:47.87,2026-09-04T16:03:47.8746112-05:00,2026-09-04T21:03:47.8746112Z,,v3,4865,4865,,"Worthley, Jeter",828636,Right,NEB,cb42c604-3403-4201-97c4-2ebf4d933ef5,53.84447,-131.98667,12.04631,5.52522,-4.6785,-10.42825,-1.77013,5.8711,-5.87212,,,,,,,,,,,,,,,,,,,,,,,,,,,,,,,,,,,,,,,,,,,,,,,,,,,High,High,High,,,,,
13,2026-09-04,16:04:26.23,4,5,"Timmerman, Tucker",822411,Right,NEB,"Huenfeld, Cru",1000594801,Left,NEB,Undefined,1,Bottom,2,2,2,Cutter,Cutter,StrikeSwinging,Strikeout,Undefined,Undefined,0,0,,88.94941,-0.976729,-3.09124,2462.765316,174.144852,11:45,5.59896,1.88699,6.54279,-24.81163,9.25989,-0.85433,2.63413,-1.02206,82.49482,-5.621896,-3.246117,0.420114,,,,,,,,,,,,-0.2989,5.40201,-1.67252,50,5.52049,7.0162,-129.32312,-2.94708,-0.51262,23.75799,-22.90933,NEB,NEB,UNebraska,TeamExclusive,Team,20260904-UNebraska-Private-3,3687d310-a8a4-11f1-8243-4f0324f7f614,89.71958,,,6.45459,,,,,,,3a45c290-6ade-4fcd-816b-cea7ae13fb8f,2026-09-04,21:04:26.23,2026-09-04T16:04:26.2365184-05:00,2026-09-04T21:04:26.2365184Z,,v3,4865,4865,,"Worthley, Jeter",828636,Right,NEB,2be400d4-6cb5-4106-aeaa-f8ba5c10722f,53.95836,-130.04828,11.87899,5.59977,-2.24782,-11.45466,-1.88691,7.03185,-0.25631,,,,,,,,,,,,,,,,,,,,,,,,,,,,,,,,,,,,,,,,,,,,,,,,,,,High,High,High,,,,,
14,2026-09-04,16:07:11.48,1,1,"Nelson, Cohen",842560,Left,NEB,"Chyr, Brody",1000594790,Left,NEB,Undefined,2,Top,0,0,0,Fastball,Four-Seam,BallCalled,Undefined,Undefined,Undefined,0,0,,90.53419,-1.009775,2.58978,2259.621332,142.004189,10:45,6.05065,-1.00042,5.07793,-18.47454,16.36087,-11.99316,3.55811,0.44322,83.43333,-4.436813,0.472165,0.424797,,,,,,,,,,,,6.57477,8.6813,0.76464,50,5.9406,-5.37512,-131.38019,-2.98062,11.62424,24.82465,-16.82543,NEB,NEB,UNebraska,TeamExclusive,Team,20260904-UNebraska-Private-3,9906d220-a8a4-11f1-8243-4f0324f7f614,88.73037,,,7.10086,,,,,,,3a45c290-6ade-4fcd-816b-cea7ae13fb8f,2026-09-04,21:07:11.48,2026-09-04T16:07:11.4882560-05:00,2026-09-04T21:07:11.4882560Z,,v3,4865,4865,,"Fikes, Trey",10277361,Right,NEB,c749921d-b48a-43c6-864b-193aefbae23a,55.42209,-132.40075,12.41232,6.04892,-2.28892,-8.41271,0.99543,-5.853,5.81212,,,,,,,,,,,,,,,,,,,,,,,,,,,,,,,,,,,,,,,,,,,,,,,,,,,High,High,High,,,,,
15,2026-09-04,16:07:29.30,1,2,"Nelson, Cohen",842560,Left,NEB,"Chyr, Brody",1000594790,Left,NEB,Undefined,2,Top,0,1,0,Fastball,Four-Seam,StrikeSwinging,Undefined,Undefined,Undefined,0,0,,91.20752,-1.505243,2.686136,2410.369883,137.742427,10:30,6.01953,-1.01342,5.0818,-17.1958,17.24993,-14.72934,3.16575,0.29305,83.78742,-4.710329,0.085034,0.422415,,,,,,,,,,,,7.97229,9.25977,0.77087,50,5.86365,-5.50122,-132.28093,-4.08499,14.23983,26.08713,-15.63457,NEB,NEB,UNebraska,TeamExclusive,Team,20260904-UNebraska-Private-3,a3a553a0-a8a4-11f1-8243-4f0324f7f614,89.23086,,,7.4201,,,,,,,3a45c290-6ade-4fcd-816b-cea7ae13fb8f,2026-09-04,21:07:29.30,2026-09-04T16:07:29.3028352-05:00,2026-09-04T21:07:29.3028352Z,,v3,4865,4865,,"Fikes, Trey",10277361,Right,NEB,865edecc-5445-4da0-a614-36242eecb119,55.41805,-133.34514,13.04357,6.01728,-3.44718,-7.81729,1.00714,-6.08213,7.11991,,,,,,,,,,,,,,,,,,,,,,,,,,,,,,,,,,,,,,,,,,,,,,,,,,,High,High,High,,,,,
16,2026-09-04,16:07:49.00,1,3,"Nelson, Cohen",842560,Left,NEB,"Chyr, Brody",1000594790,Left,NEB,Undefined,2,Top,0,1,1,Slider,Slider,BallCalled,Undefined,Undefined,Undefined,0,0,,81.76252,-0.250351,2.108721,2633.696901,324.368507,4:45,5.8608,-1.06278,4.93136,-45.71215,-3.64268,3.25874,1.81465,1.20299,77.48938,-8.40569,2.683706,0.466826,,,,,,,,,,,,-1.22563,-1.50291,0.8546,50,5.79757,-4.51731,-119.01242,-2.25954,-1.81323,16.08565,-34.3975,NEB,NEB,UNebraska,TeamExclusive,Team,20260904-UNebraska-Private-3,af671f70-a8a4-11f1-8243-4f0324f7f614,80.74199,,,4.27314,,,,,,,3a45c290-6ade-4fcd-816b-cea7ae13fb8f,2026-09-04,21:07:49.00,2026-09-04T16:07:49.0014208-05:00,2026-09-04T21:07:49.0014208Z,,v3,4865,4865,,"Fikes, Trey",10277361,Right,NEB,fa1d0f08-56e0-40b3-877c-e817f395372a,55.5738,-119.7634,8.04282,5.86558,-0.65364,-17.19875,1.06352,-4.43266,-0.90662,,,,,,,,,,,,,,,,,,,,,,,,,,,,,,,,,,,,,,,,,,,,,,,,,,,High,High,High,,,,,
17,2026-09-04,16:08:09.85,1,4,"Nelson, Cohen",842560,Left,NEB,"Chyr, Brody",1000594790,Left,NEB,Undefined,2,Top,0,2,1,Curveball,Curveball,FoulBallNotFieldable,Undefined,Undefined,Undefined,0,0,,73.98641,0.838709,0.030584,2754.862064,297.322459,4:00,5.80087,-1.02811,4.75861,-59.53472,-6.70044,15.87969,1.63504,0.3242,68.81474,-9.804214,2.828598,0.523154,52.18813,62.27785,-110.660632,4396.030899,,,,,25.75112,,,-7.87977,-3.17303,1.01008,50,5.83171,-0.6717,-107.4956,-0.51312,-9.27855,17.52752,-35.91036,NEB,NEB,UNebraska,TeamExclusive,Team,20260904-UNebraska-Private-3,bbdbe790-a8a4-11f1-8243-4f0324f7f614,72.04852,41.1784,,5.17167,,,,2.97008,1.83286,-0.24218,3a45c290-6ade-4fcd-816b-cea7ae13fb8f,2026-09-04,21:08:09.85,2026-09-04T16:08:09.8562048-05:00,2026-09-04T21:08:09.8562048Z,,v3,4865,4865,,"Fikes, Trey",10277361,Right,NEB,3f9f066f-156a-45b7-add6-7d8a44674fec,55.74641,-108.42853,8.76376,5.80815,1.39825,-17.95518,1.03268,-0.17783,-4.63928,25.731606,2.97008,-12.56306,-3.99196,0.94062,-0.15771,0.03509,0.02993,-0.03073,0.00425,1.83286,67.75646,-21.0172,1.23881,-0.2947,0.09481,-0.0483,0.11595,-0.05276,-0.24218,-33.3164,0.74037,0.8168,-0.04051,0.0572,0.088,-0.08504,0.01162,,,,,,,,,,,,,,,,,,,,,,,High,High,High,High,Undefined,,,
18,2026-09-04,16:08:34.76,1,5,"Nelson, Cohen",842560,Left,NEB,"Chyr, Brody",1000594790,Left,NEB,Undefined,2,Top,0,2,2,Fastball,Sinker,FoulBallNotFieldable,Undefined,Undefined,Undefined,0,0,,91.23746,-0.999368,2.65369,2353.115215,130.667993,10:15,5.98661,-1.04948,5.6333,-20.20336,13.56127,-14.58792,3.36948,0.21256,83.70116,-4.773768,0.05058,0.418218,86.51905,27.451518,-40.822799,4682.433794,77.1217,48.8347,-78.43609,322.5096,194.81378,-53.966781,4.355026,8.13418,7.45989,0.83327,50,5.88865,-5.4984,-132.45377,-3.00186,14.51972,27.0221,-18.858,NEB,NEB,UNebraska,TeamExclusive,Team,20260904-UNebraska-Private-3,caa6ada0-a8a4-11f1-8243-4f0324f7f614,90.1264,58.50595,,7.5363,,,,0.55213,3.26037,-0.11522,3a45c290-6ade-4fcd-816b-cea7ae13fb8f,2026-09-04,21:08:34.76,2026-09-04T16:08:34.7666432-05:00,2026-09-04T21:08:34.7666432Z,LineDrive,v3,4865,4865,,"Fikes, Trey",10277361,Right,NEB,9f7dd8ba-649c-4521-a63d-aa9f348d1151,54.86796,-133.44319,13.51105,5.98592,-2.31136,-9.429,1.04433,-6.03004,7.25986,133.648275,0.55317,85.18857,-19.7933,4.67319,-0.93737,0.14861,-0.02646,0.00465,-0.00035,3.25982,58.50898,-17.07519,0.84249,0.03417,-0.06065,0.02725,-0.00499,0.00032,-0.11617,-73.59031,3.75572,0.48348,-0.45109,0.1685,-0.03668,0.00392,-0.00015,,,,,,,,,,,,,,,,,,,,,,,High,High,High,High,Low,,,
19,2026-09-04,16:08:59.88,1,6,"Nelson, Cohen",842560,Left,NEB,"Chyr, Brody",1000594790,Left,NEB,Undefined,2,Top,0,2,2,Curveball,Curveball,FoulBallNotFieldable,Undefined,Undefined,Undefined,0,0,,73.95282,2.656227,-0.454063,2843.099176,290.189802,3:45,5.81933,-1.03199,4.89663,-59.45074,-6.6641,22.28576,3.37944,0.39567,68.31872,-8.041632,3.474385,0.522918,77.16242,48.213053,-77.503186,6890.747463,,,,,80.17242,,,-11.18642,-3.60394,1.05645,50,6.0289,-0.01124,-107.35682,2.92654,-13.11462,17.7963,-36.39921,NEB,NEB,UNebraska,TeamExclusive,Team,20260904-UNebraska-Private-3,d9ac80e0-a8a4-11f1-8243-4f0324f7f614,72.08099,66.24496,,5.6341,,,,1.57513,3.40182,-0.38606,3a45c290-6ade-4fcd-816b-cea7ae13fb8f,2026-09-04,21:08:59.88,2026-09-04T16:08:59.8899200-05:00,2026-09-04T21:08:59.8899200Z,,v3,4865,4865,,"Fikes, Trey",10277361,Right,NEB,2346f661-440d-4627-b94c-430059146f84,55.60878,-108.28259,8.89815,5.82741,4.82003,-18.19961,1.03929,0.67098,-6.55731,,1.57513,16.3183,-14.90882,5.29137,-1.48574,0.36887,-0.08613,0.01597,-0.00155,3.40182,84.38372,-30.69519,4.24471,-0.80046,0.12716,-0.01929,0.00227,-0.00015,-0.38606,-73.62649,7.27844,-0.06833,-0.30204,0.14147,-0.04173,0.00953,-0.00103,,,,,,,,,,,,,,,,,,,,,,,High,High,High,Low,Undefined,,,
20,2026-09-04,16:09:24.98,1,7,"Nelson, Cohen",842560,Left,NEB,"Chyr, Brody",1000594790,Left,NEB,Undefined,2,Top,0,2,2,Fastball,Four-Seam,FoulBallNotFieldable,Undefined,Undefined,Undefined,0,0,,90.90674,-1.10576,2.474559,2364.636553,138.711726,10:30,5.97051,-1.03651,5.10399,-19.6154,15.43206,-12.51418,3.29288,0.25376,82.55654,-4.766293,0.263217,0.426088,92.00761,15.847353,-39.129339,5632.070666,78.92757,25.01078,-76.6186,254.40726,193.28129,-50.668472,2.731652,6.93819,8.33733,0.81324,50,5.85134,-5.0967,-131.70813,-3.24677,12.12766,29.2535,-17.60073,NEB,NEB,UNebraska,TeamExclusive,Team,20260904-UNebraska-Private-3,e89a1130-a8a4-11f1-8243-4f0324f7f614,88.46156,26.27821,,8.3502,,,,0.07332,3.19202,-0.15278,3a45c290-6ade-4fcd-816b-cea7ae13fb8f,2026-09-04,21:09:24.98,2026-09-04T16:09:24.9852928-05:00,2026-09-04T21:09:24.9852928Z,LineDrive,v3,4865,4865,,"Fikes, Trey",10277361,Right,NEB,eb14498e-b294-4f35-9f2b-dd98f4ce892e,55.39463,-132.90092,14.62675,5.96909,-2.5291,-8.80037,1.03114,-5.5912,6.06383,120.08156,0.07332,100.70194,-25.10522,5.93408,-1.31975,0.25526,-0.043,0.00524,-0.00031,3.19202,36.84908,-15.2702,0.35023,0.12459,-0.05073,0.01267,-0.00156,8E-05,-0.15278,-81.92218,3.1644,0.83083,-0.48005,0.14713,-0.03092,0.00403,-0.00025,,,,,,,,,,,,,,,,,,,,,,,High,High,High,High,Medium,,,
21,2026-09-04,16:09:53.05,1,8,"Nelson, Cohen",842560,Left,NEB,"Chyr, Brody",1000594790,Left,NEB,Undefined,2,Top,0,2,2,Fastball,Sinker,FoulBallNotFieldable,Undefined,Undefined,Undefined,0,0,,91.45948,-1.126094,2.744149,2454.818318,132.681332,10:30,6.0598,-0.9526,4.95962,-19.21336,15.81946,-15.79902,3.39343,0.3254,82.53991,-4.719297,-0.039647,0.425999,,,,,,,,,,,,8.63182,8.51768,0.70033,50,5.93559,-5.56877,-132.36065,-3.30087,15.1478,31.09635,-17.22654,NEB,NEB,UNebraska,TeamExclusive,Team,20260904-UNebraska-Private-3,f9529d80-a8a4-11f1-8243-4f0324f7f614,88.48003,,,8.91957,,,,,,,3a45c290-6ade-4fcd-816b-cea7ae13fb8f,2026-09-04,21:09:53.05,2026-09-04T16:09:53.0596864-05:00,2026-09-04T21:09:53.0596864Z,,v3,4865,4865,,"Fikes, Trey",10277361,Right,NEB,d3b8b7db-35ac-4346-9496-31ac6f770e86,55.53811,-133.65543,15.54817,6.0581,-2.5836,-8.61327,0.94533,-6.19949,7.5739,,,,,,,,,,,,,,,,,,,,,,,,,,,,,,,,,,,,,,,,,,,,,,,,,,,High,High,High,,,,,
22,2026-09-04,16:10:19.86,1,9,"Nelson, Cohen",842560,Left,NEB,"Chyr, Brody",1000594790,Left,NEB,Undefined,2,Top,0,2,2,Fastball,Sinker,BallCalled,Undefined,Undefined,Undefined,0,0,,91.30417,-0.607092,3.308532,2439.219923,128.461195,10:15,6.02982,-0.94537,4.99443,-22.76332,12.17839,-13.84103,3.55871,1.02849,82.83807,-4.815963,0.870167,0.425445,,,,,,,,,,,,7.74961,6.54772,0.63823,50,5.95333,-6.95658,-132.15877,-2.27164,13.64198,29.39399,-20.64779,NEB,NEB,UNebraska,TeamExclusive,Team,20260904-UNebraska-Private-3,09548400-a8a5-11f1-8243-4f0324f7f614,88.59533,,,8.4661,,,,,,,3a45c290-6ade-4fcd-816b-cea7ae13fb8f,2026-09-04,21:10:19.86,2026-09-04T16:10:19.8662656-05:00,2026-09-04T21:10:19.8662656Z,,v3,4865,4865,,"Fikes, Trey",10277361,Right,NEB,39612836-ca6a-44ba-a028-2588cce6e796,55.50284,-133.37706,14.69699,6.02975,-1.41585,-10.32389,0.93828,-7.522,6.82099,,,,,,,,,,,,,,,,,,,,,,,,,,,,,,,,,,,,,,,,,,,,,,,,,,,High,High,High,,,,,
23,2026-09-04,16:10:42.59,1,10,"Nelson, Cohen",842560,Left,NEB,"Chyr, Brody",1000594790,Left,NEB,Undefined,2,Top,0,3,2,Curveball,Curveball,FoulBallNotFieldable,Undefined,Undefined,Undefined,0,0,,74.86095,1.020105,-0.731254,2722.373388,301.181148,4:00,5.81127,-1.13026,4.62718,-59.03098,-7.14847,14.27753,1.8619,-0.63561,69.49776,-9.51737,1.778148,0.51842,,,,,,,,,,,,-7.23823,-3.41748,1.19124,50,5.86082,0.81864,-108.72529,-0.19658,-8.7198,17.91943,-36.29105,NEB,NEB,UNebraska,TeamExclusive,Team,20260904-UNebraska-Private-3,16e01350-a8a5-11f1-8243-4f0324f7f614,72.70635,,,5.36319,,,,,,,3a45c290-6ade-4fcd-816b-cea7ae13fb8f,2026-09-04,21:10:42.59,2026-09-04T16:10:42.5952256-05:00,2026-09-04T21:10:42.5952256Z,,v3,4865,4865,,"Fikes, Trey",10277361,Right,NEB,df3515c8-d6b3-4b95-97df-5a1b98a40c90,55.87759,-109.68972,8.95971,5.81885,1.75662,-18.14553,1.13455,1.28794,-4.3599,,,,,,,,,,,,,,,,,,,,,,,,,,,,,,,,,,,,,,,,,,,,,,,,,,,High,High,High,,,,,
24,2026-09-04,16:11:20.07,1,11,"Nelson, Cohen",842560,Left,NEB,"Chyr, Brody",1000594790,Left,NEB,Undefined,2,Top,0,3,2,Fastball,Four-Seam,FoulBallNotFieldable,Undefined,Undefined,Undefined,0,0,,90.79338,-0.826414,2.189952,2421.607131,145.553199,10:45,6.01148,-0.98943,5.05623,-18.35462,16.54595,-10.60418,3.70192,0.19322,83.06862,-4.246942,0.317653,0.425194,76.28653,50.162692,-105.875486,5223.972287,,,,,32.82006,,,5.86059,8.76422,0.78985,50,5.91872,-4.5354,-131.69332,-2.55698,10.32713,27.0789,-16.73038,NEB,NEB,UNebraska,TeamExclusive,Team,20260904-UNebraska-Private-3,2d3256e0-a8a5-11f1-8243-4f0324f7f614,88.64754,41.20897,,7.72476,,,,0.64017,3.77538,-0.13509,3a45c290-6ade-4fcd-816b-cea7ae13fb8f,2026-09-04,21:11:20.07,2026-09-04T16:11:20.0766464-05:00,2026-09-04T21:11:20.0766464Z,,v3,4865,4865,,"Fikes, Trey",10277361,Right,NEB,6a2788d3-44c4-4db0-a4f5-4490c3245d32,55.44359,-132.80792,13.53945,6.0098,-1.86833,-8.36519,0.98528,-4.96048,5.16357,,0.65461,-19.99951,-5.48676,,,,,,,3.78369,85.69294,-21.16646,,,,,,,-0.1553,-68.39722,12.84073,,,,,,,,,,,,,,,,,,,,,,,,,,,,,High,High,High,Medium,Undefined,,,
25,2026-09-04,16:11:46.06,1,12,"Nelson, Cohen",842560,Left,NEB,"Chyr, Brody",1000594790,Left,NEB,Undefined,2,Top,0,3,2,Curveball,Curveball,InPlay,Undefined,FlyBall,Out,1,0,,73.13267,2.296737,-1.025062,2497.645616,302.390089,4:00,5.80546,-0.93716,4.73502,-63.56157,-8.8241,16.6558,2.68907,-0.52176,67.12356,-9.113551,1.905177,0.532493,91.45493,32.889717,-0.064414,3616.681203,109.81609,63.82504,-6.35712,345.56629,287.4994,-10.206349,5.273455,-8.5143,-4.56221,1.02459,50,5.97983,1.24559,-106.04837,2.03123,-9.659,18.78307,-37.34965,NEB,NEB,UNebraska,TeamExclusive,Team,20260904-UNebraska-Private-3,3cb919f0-a8a5-11f1-8243-4f0324f7f614,70.78489,85.58462,,6.00911,,,,1.90691,2.86581,0.5453,3a45c290-6ade-4fcd-816b-cea7ae13fb8f,2026-09-04,21:11:46.06,2026-09-04T16:11:46.0682752-05:00,2026-09-04T21:11:46.0682752Z,FlyBall,v3,4865,4865,,"Fikes, Trey",10277361,Right,NEB,203f0a14-4a7d-407a-b5f1-57341d3698ab,55.76916,-107.06531,9.39153,5.81512,4.0534,-18.67482,0.943,1.76855,-4.8295,145.274411,1.91838,112.41232,-18.61406,2.62623,0.26379,-0.28083,0.06474,-0.00597,0.00017,2.8695,72.76274,-17.78211,0.54554,0.36234,-0.22538,0.06534,-0.00894,0.00046,0.54368,-0.08997,-7.55393,2.80356,-0.92242,0.28939,-0.06992,0.00963,-0.00053,,,,,,,,,,,,,,,,,,,,,,,High,High,High,High,Medium,,,
26,2026-09-04,16:12:28.45,2,1,"Nelson, Cohen",842560,Left,NEB,"Worthley, Jeter",828636,Right,NEB,Undefined,2,Top,1,0,0,Curveball,Changeup,BallCalled,Undefined,Undefined,Undefined,0,0,,78.02948,-0.175081,-0.239128,1295.862407,110.812686,9:45,5.71756,-1.21242,5.31304,-39.83341,7.23402,-14.99461,2.23378,-2.68642,71.41364,-7.468335,-2.903987,0.493778,,,,,,,,,,,,7.39807,4.16658,1.24514,50,5.6732,1.07687,-113.22305,-1.67313,9.56052,21.53612,-26.7896,NEB,NEB,UNebraska,TeamExclusive,Team,20260904-UNebraska-Private-3,55fe5ec0-a8a5-11f1-8243-4f0324f7f614,76.33483,,,6.61584,,,,,,,3a45c290-6ade-4fcd-816b-cea7ae13fb8f,2026-09-04,21:12:28.45,2026-09-04T16:12:28.4581888-05:00,2026-09-04T21:12:28.4581888Z,,v3,4865,4865,,"Fikes, Trey",10277361,Right,NEB,34a44469-6148-4b58-a2e6-67de1b5ff050,55.18539,-114.2051,10.76806,5.72164,-0.45152,-13.3948,1.20597,0.64091,4.78026,,,,,,,,,,,,,,,,,,,,,,,,,,,,,,,,,,,,,,,,,,,,,,,,,,,High,High,High,,,,,
27,2026-09-04,16:12:55.17,2,2,"Nelson, Cohen",842560,Left,NEB,"Worthley, Jeter",828636,Right,NEB,Undefined,2,Top,1,1,0,Fastball,Sinker,BallCalled,Undefined,Undefined,Undefined,0,0,,90.13428,-1.098466,3.453166,2389.351714,136.808414,10:30,5.93701,-1.00202,4.91058,-20.3734,15.4982,-13.43453,3.19847,1.14781,82.03026,-4.878008,1.090924,0.431069,,,,,,,,,,,,7.54792,8.2928,0.67593,50,5.81307,-7.21532,-130.45992,-3.25404,12.99257,27.75508,-17.89924,NEB,NEB,UNebraska,TeamExclusive,Team,20260904-UNebraska-Private-3,65dc4280-a8a5-11f1-8243-4f0324f7f614,87.43942,,,8.10402,,,,,,,3a45c290-6ade-4fcd-816b-cea7ae13fb8f,2026-09-04,21:12:55.17,2026-09-04T16:12:55.1703552-05:00,2026-09-04T21:12:55.1703552Z,,v3,4865,4865,,"Fikes, Trey",10277361,Right,NEB,486bb97d-5c9a-438e-a5d3-af9e6a044a93,55.5871,-131.6432,13.87754,5.93553,-2.49094,-8.94962,0.99534,-7.76923,6.49628,,,,,,,,,,,,,,,,,,,,,,,,,,,,,,,,,,,,,,,,,,,,,,,,,,,High,High,High,,,,,
28,2026-09-04,16:13:17.66,2,3,"Nelson, Cohen",842560,Left,NEB,"Worthley, Jeter",828636,Right,NEB,Undefined,2,Top,1,2,0,Fastball,Sinker,StrikeCalled,Undefined,Undefined,Undefined,0,0,,89.73175,-2.368948,3.108071,2284.924471,125.709106,10:15,5.93074,-0.95417,5.05637,-23.52808,12.45831,-15.68221,1.73138,0.67304,81.95393,-6.698012,0.339344,0.431758,,,,,,,,,,,,8.62473,7.20079,0.67113,50,5.68659,-6.31111,-129.90117,-6.26308,14.72399,27.4359,-19.88098,NEB,NEB,UNebraska,TeamExclusive,Team,20260904-UNebraska-Private-3,734a37b0-a8a5-11f1-8243-4f0324f7f614,87.29989,,,7.77781,,,,,,,3a45c290-6ade-4fcd-816b-cea7ae13fb8f,2026-09-04,21:13:17.66,2026-09-04T16:13:17.6628224-05:00,2026-09-04T21:13:17.6628224Z,,v3,4865,4865,,"Fikes, Trey",10277361,Right,NEB,b8781694-058d-4e10-ad52-f3b678193ff8,55.4427,-131.04565,13.71795,5.93056,-5.43374,-9.94049,0.9472,-6.92532,7.362,,,,,,,,,,,,,,,,,,,,,,,,,,,,,,,,,,,,,,,,,,,,,,,,,,,High,High,High,,,,,
29,2026-09-04,16:13:40.42,2,4,"Nelson, Cohen",842560,Left,NEB,"Worthley, Jeter",828636,Right,NEB,Undefined,2,Top,1,2,1,Fastball,Four-Seam,HitByPitch,Undefined,Undefined,Undefined,0,0,,89.94945,-0.205727,4.167079,2408.838736,138.316915,10:30,6.05577,-0.75997,4.91002,-19.18367,16.96737,-14.02028,4.26207,2.01918,81.52717,-3.787608,1.705856,0.432745,,,,,,,,,,,,8.16296,8.79355,0.36469,50,6.02039,-8.81296,-130.10293,-1.15639,13.92803,28.45035,-17.17009,NEB,NEB,UNebraska,TeamExclusive,Team,20260904-UNebraska-Private-3,80d6ff80-a8a5-11f1-8243-4f0324f7f614,87.10087,,,8.42228,,,,,,,3a45c290-6ade-4fcd-816b-cea7ae13fb8f,2026-09-04,21:13:40.42,2026-09-04T16:13:40.4252160-05:00,2026-09-04T21:13:40.4252160Z,,v3,4865,4865,,"Fikes, Trey",10277361,Right,NEB,28e88bd3-e248-4b43-b03e-b54c97c1fb6d,55.58953,-131.31954,14.22517,6.05414,-0.42216,-8.58504,0.75428,-9.40856,6.96402,,,,,,,,,,,,,,,,,,,,,,,,,,,,,,,,,,,,,,,,,,,,,,,,,,,High,High,High,,,,,
30,2026-09-04,16:14:31.41,3,1,"Nelson, Cohen",842560,Left,NEB,"Sanderson, Case",806508,Left,NEB,Undefined,2,Top,1,0,0,Fastball,Sinker,StrikeCalled,Undefined,Undefined,Undefined,0,0,,89.09053,-1.133468,3.003166,2344.702098,133.446086,10:30,6.00119,-0.88463,4.96907,-22.44722,14.2667,-13.74745,3.05829,0.80917,80.92033,-5.290484,0.581184,0.436101,,,,,,,,,,,,7.62111,7.74193,0.60574,50,5.87365,-6.10601,-128.97417,-3.38011,12.78009,27.93498,-19.19134,NEB,NEB,UNebraska,TeamExclusive,Team,20260904-UNebraska-Private-3,9f41dd00-a8a5-11f1-8243-4f0324f7f614,86.43062,,,8.1702,,,,,,,3a45c290-6ade-4fcd-816b-cea7ae13fb8f,2026-09-04,21:14:31.41,2026-09-04T16:14:31.4176512-05:00,2026-09-04T21:14:31.4176512Z,,v3,4865,4865,,"Fikes, Trey",10277361,Right,NEB,ceee1b96-b45f-4e00-a12c-8cb7482d09b3,55.5284,-130.16608,13.96749,6.0004,-2.56127,-9.59567,0.8779,-6.6513,6.39004,,,,,,,,,,,,,,,,,,,,,,,,,,,,,,,,,,,,,,,,,,,,,,,,,,,High,High,High,,,,,
31,2026-09-04,16:15:49.28,3,2,"Nelson, Cohen",842560,Left,NEB,"Sanderson, Case",806508,Left,NEB,Undefined,2,Top,1,0,1,Fastball,Sinker,BallCalled,Undefined,Undefined,Undefined,0,0,,90.18867,0.265425,1.612744,2400.158224,126.513134,10:15,5.92929,-1.03407,4.88055,-21.47084,14.22205,-17.67714,4.39129,-0.98086,82.21763,-3.707538,-1.499829,0.429994,,,,,,,,,,,,9.08048,7.26422,0.89107,50,5.9378,-2.81228,-130.78065,-0.20106,15.7332,27.47256,-19.58778,NEB,NEB,UNebraska,TeamExclusive,Team,20260904-UNebraska-Private-3,cdaa3430-a8a5-11f1-8243-4f0324f7f614,87.65811,,,7.97104,,,,,,,3a45c290-6ade-4fcd-816b-cea7ae13fb8f,2026-09-04,21:15:49.28,2026-09-04T16:15:49.2836864-05:00,2026-09-04T21:15:49.2836864Z,,v3,4865,4865,,"Fikes, Trey",10277361,Right,NEB,cc45a359-95f7-4519-a353-056c262b7737,55.6178,-131.95548,13.73628,5.92849,0.63658,-9.79389,1.02572,-3.48509,7.8666,,,,,,,,,,,,,,,,,,,,,,,,,,,,,,,,,,,,,,,,,,,,,,,,,,,High,High,High,,,,,
32,2026-09-04,16:16:12.15,3,3,"Nelson, Cohen",842560,Left,NEB,"Sanderson, Case",806508,Left,NEB,Undefined,2,Top,1,1,1,Curveball,Curveball,BallCalled,Undefined,Undefined,Undefined,0,0,,73.72395,1.881189,-1.170922,2645.947994,295.591697,3:45,5.74,-1.18959,4.66262,-58.53058,-5.37134,14.22572,2.65052,-1.1166,68.63748,-8.583224,1.327841,0.52476,,,,,,,,,,,,-7.23575,-2.61504,1.29545,50,5.87831,1.61939,-107.08246,1.42556,-8.51273,16.19848,-35.25061,NEB,NEB,UNebraska,TeamExclusive,Team,20260904-UNebraska-Private-3,db546f10-a8a5-11f1-8243-4f0324f7f614,71.82795,,,5.08646,,,,,,,3a45c290-6ade-4fcd-816b-cea7ae13fb8f,2026-09-04,21:16:12.15,2026-09-04T16:16:12.1567744-05:00,2026-09-04T21:16:12.1567744Z,,v3,4865,4865,,"Fikes, Trey",10277361,Right,NEB,e62581dc-ae8d-4bd3-ba4b-2140594c145d,55.84163,-107.96251,8.09924,5.74884,3.34071,-17.62531,1.19491,2.08188,-4.25636,,,,,,,,,,,,,,,,,,,,,,,,,,,,,,,,,,,,,,,,,,,,,,,,,,,High,High,High,,,,,
33,2026-09-04,16:16:34.01,3,4,"Nelson, Cohen",842560,Left,NEB,"Sanderson, Case",806508,Left,NEB,Undefined,2,Top,1,2,1,Fastball,Sinker,BallCalled,Undefined,Undefined,Undefined,0,0,,89.65094,-0.88083,3.528268,2427.518646,132.602833,10:30,6.02202,-0.87881,5.05585,-21.43292,14.26359,-14.3508,3.4036,1.25699,82.40995,-4.835936,0.998254,0.430016,,,,,,,,,,,,7.96745,7.62044,0.55442,50,5.92131,-7.33245,-129.95127,-2.79048,13.74937,24.89413,-19.02348,NEB,NEB,UNebraska,TeamExclusive,Team,20260904-UNebraska-Private-3,e8526460-a8a5-11f1-8243-4f0324f7f614,87.65367,,,7.24099,,,,,,,3a45c290-6ade-4fcd-816b-cea7ae13fb8f,2026-09-04,21:16:34.01,2026-09-04T16:16:34.0124672-05:00,2026-09-04T21:16:34.0124672Z,,v3,4865,4865,,"Fikes, Trey",10277361,Right,NEB,ce637ac8-711a-4138-8fbe-96a4694bb44e,55.44373,-130.98995,12.44706,6.02118,-1.99675,-9.51174,0.87233,-7.90613,6.87469,,,,,,,,,,,,,,,,,,,,,,,,,,,,,,,,,,,,,,,,,,,,,,,,,,,High,High,High,,,,,
34,2026-09-04,16:16:57.95,3,5,"Nelson, Cohen",842560,Left,NEB,"Sanderson, Case",806508,Left,NEB,Undefined,2,Top,1,3,1,Curveball,Curveball,BallCalled,Walk,Undefined,Undefined,0,0,,73.61086,2.364254,-1.74352,2741.54892,296.0585,3:45,5.79686,-1.04393,4.7048,-61.02645,-7.37469,18.30509,2.95784,-1.17401,68.023,-8.571149,1.47335,0.527185,,,,,,,,,,,,-9.53111,-3.90532,1.20285,50,5.98078,2.54003,-106.81107,2.26944,-11.07032,17.46475,-36.71004,NEB,NEB,UNebraska,TeamExclusive,Team,20260904-UNebraska-Private-3,f69c1390-a8a5-11f1-8243-4f0324f7f614,71.49749,,,5.58786,,,,,,,3a45c290-6ade-4fcd-816b-cea7ae13fb8f,2026-09-04,21:16:57.95,2026-09-04T16:16:57.9572224-05:00,2026-09-04T21:16:57.9572224Z,,v3,4865,4865,,"Fikes, Trey",10277361,Right,NEB,984b4b19-e557-4776-a4f7-02b63ddafa4a,55.80055,-107.75534,8.73238,5.80442,4.25427,-18.35502,1.04934,3.13857,-5.53516,,,,,,,,,,,,,,,,,,,,,,,,,,,,,,,,,,,,,,,,,,,,,,,,,,,High,High,High,,,,,
35,2026-09-04,16:17:59.71,4,1,"Nelson, Cohen",842560,Left,NEB,"Groh, Logan",1000594803,Right,NEB,Undefined,2,Top,1,0,0,ChangeUp,Changeup,BallCalled,Undefined,Undefined,Undefined,0,0,,76.95331,-1.325491,1.37177,1340.429754,110.407329,9:45,5.68207,-1.16816,5.23659,-43.25317,4.53201,-8.61036,0.83119,-0.59606,71.76842,-9.145257,-0.158213,0.497529,,,,,,,,,,,,4.67012,2.97536,1.04869,50,5.5275,-2.34837,-111.81802,-4.03927,5.9865,17.80974,-28.36,NEB,NEB,UNebraska,TeamExclusive,Team,20260904-UNebraska-Private-3,1b6a12d0-a8a6-11f1-8243-4f0324f7f614,75.75935,,,5.18489,,,,,,,3a45c290-6ade-4fcd-816b-cea7ae13fb8f,2026-09-04,21:17:59.71,2026-09-04T16:17:59.7171200-05:00,2026-09-04T21:17:59.7171200Z,,v3,4865,4865,,"Fikes, Trey",10277361,Right,NEB,1a8dbcce-c592-47ae-81ba-01615206b79f,55.26562,-112.65357,8.90487,5.6858,-2.70874,-14.18,1.16545,-2.62924,2.99325,,,,,,,,,,,,,,,,,,,,,,,,,,,,,,,,,,,,,,,,,,,,,,,,,,,High,High,High,,,,,
36,2026-09-04,16:18:24.34,4,2,"Nelson, Cohen",842560,Left,NEB,"Groh, Logan",1000594803,Right,NEB,Undefined,2,Top,1,1,0,Fastball,Four-Seam,BallCalled,Undefined,Undefined,Undefined,0,0,,88.57075,-0.85045,3.002658,2417.191645,143.37554,10:45,6.01873,-0.91428,5.00267,-19.33592,17.4204,-12.10131,3.6034,0.91445,81.09548,-4.447344,0.870195,0.436352,,,,,,,,,,,,6.74044,9.17756,0.63563,50,5.92173,-6.16083,-128.36955,-2.5842,11.30582,25.28111,-16.78045,NEB,NEB,UNebraska,TeamExclusive,Team,20260904-UNebraska-Private-3,2a0f9da0-a8a6-11f1-8243-4f0324f7f614,86.38072,,,7.47527,,,,,,,3a45c290-6ade-4fcd-816b-cea7ae13fb8f,2026-09-04,21:18:24.34,2026-09-04T16:18:24.3469824-05:00,2026-09-04T21:18:24.3469824Z,,v3,4865,4865,,"Fikes, Trey",10277361,Right,NEB,d186b41a-5184-48eb-95a7-7711c62c6314,55.49572,-129.44736,12.64055,6.01665,-1.8688,-8.39023,0.90855,-6.64283,5.65291,,,,,,,,,,,,,,,,,,,,,,,,,,,,,,,,,,,,,,,,,,,,,,,,,,,High,High,High,,,,,
37,2026-09-04,16:18:45.92,4,3,"Nelson, Cohen",842560,Left,NEB,"Groh, Logan",1000594803,Right,NEB,Undefined,2,Top,1,2,0,Fastball,Sinker,FoulBallNotFieldable,Undefined,Undefined,Undefined,0,0,,89.10133,-0.803866,2.830723,2454.411738,119.890745,10:00,5.88563,-1.12021,4.92761,-25.68549,10.64064,-16.6021,2.98427,0.17444,81.87106,-5.50137,-0.093731,0.433791,,,,,,,,,,,,8.96367,5.795,0.85893,50,5.78614,-5.61433,-129.22788,-2.81038,15.25837,25.25736,-22.30948,NEB,NEB,UNebraska,TeamExclusive,Team,20260904-UNebraska-Private-3,36f242c0-a8a6-11f1-8243-4f0324f7f614,86.89069,,,7.23027,,,,,,,3a45c290-6ade-4fcd-816b-cea7ae13fb8f,2026-09-04,21:18:45.92,2026-09-04T16:18:45.9294720-05:00,2026-09-04T21:18:45.9294720Z,,v3,4865,4865,,"Fikes, Trey",10277361,Right,NEB,5ee48690-79ac-4c44-877e-47a003838f03,55.57366,-130.31269,12.62868,5.88627,-1.85219,-11.15474,1.11414,-6.26968,7.62919,,,,,,,,,,,,,,,,,,,,,,,,,,,,,,,,,,,,,,,,,,,,,,,,,,,High,High,High,,,,,
38,2026-09-04,16:19:17.55,4,4,"Nelson, Cohen",842560,Left,NEB,"Groh, Logan",1000594803,Right,NEB,Undefined,2,Top,1,2,1,Curveball,Curveball,BallCalled,Undefined,Undefined,Undefined,0,0,,71.66503,2.737267,-2.14193,2651.420982,290.328468,3:45,5.75582,-1.0846,4.76218,-61.67728,-5.59154,19.17792,3.21537,-1.51841,66.68293,-8.312387,1.229096,0.539011,,,,,,,,,,,,-9.90552,-2.89996,1.28175,50,5.97587,3.15018,-104.02793,2.85893,-11.01058,15.10246,-35.39755,NEB,NEB,UNebraska,TeamExclusive,Team,20260904-UNebraska-Private-3,49dbdfe0-a8a6-11f1-8243-4f0324f7f614,69.92888,,,4.9821,,,,,,,3a45c290-6ade-4fcd-816b-cea7ae13fb8f,2026-09-04,21:19:17.55,2026-09-04T16:19:17.5523328-05:00,2026-09-04T21:19:17.5523328Z,,v3,4865,4865,,"Fikes, Trey",10277361,Right,NEB,90dbae2c-0a1b-41c5-82a4-46da0e901cae,55.74318,-104.85839,7.55123,5.76514,4.80539,-17.69877,1.09188,3.75563,-5.50529,,,,,,,,,,,,,,,,,,,,,,,,,,,,,,,,,,,,,,,,,,,,,,,,,,,High,High,High,,,,,
39,2026-09-04,16:19:41.79,4,5,"Nelson, Cohen",842560,Left,NEB,"Groh, Logan",1000594803,Right,NEB,Undefined,2,Top,1,2,1,Fastball,Sinker,BallCalled,Undefined,Undefined,Undefined,0,0,,89.38589,-0.018253,1.463794,2352.064195,130.72204,10:15,5.96749,-0.95196,4.90305,-21.768,14.2595,-15.33119,4.13623,-0.84485,82.13396,-4.029137,-1.237226,0.432005,,,,,,,,,,,,7.89764,7.36213,0.82207,50,5.94788,-2.57961,-129.74727,-0.85911,13.57374,25.05027,-19.5207,NEB,NEB,UNebraska,TeamExclusive,Team,20260904-UNebraska-Private-3,583fa6c0-a8a6-11f1-8243-4f0324f7f614,87.25008,,,7.25193,,,,,,,3a45c290-6ade-4fcd-816b-cea7ae13fb8f,2026-09-04,21:19:41.79,2026-09-04T16:19:41.7916928-05:00,2026-09-04T21:19:41.7916928Z,,v3,4865,4865,,"Fikes, Trey",10277361,Right,NEB,eab92b57-af8e-42dc-9cf3-7e9ac304b7c6,55.59651,-130.82333,12.52513,5.96678,-0.02058,-9.76035,0.9454,-3.16268,6.78687,,,,,,,,,,,,,,,,,,,,,,,,,,,,,,,,,,,,,,,,,,,,,,,,,,,High,High,High,,,,,
40,2026-09-04,16:20:06.73,4,6,"Nelson, Cohen",842560,Left,NEB,"Groh, Logan",1000594803,Right,NEB,Undefined,2,Top,1,3,1,Curveball,Curveball,InPlay,Undefined,GroundBall,Out,2,0,,72.40949,2.464932,-1.123318,2661.524125,297.66399,4:00,5.88469,-0.93726,4.80236,-61.89007,-6.94965,16.14788,3.06464,-0.6561,67.29788,-8.630076,1.719851,0.533479,94.24237,-8.582591,-21.511954,,,,,19.58563,18.50898,-18.802869,0.135877,-8.28394,-3.65929,1.03412,50,6.0756,1.44894,-105.15818,2.40902,-9.37785,15.99906,-36.31658,NEB,NEB,UNebraska,TeamExclusive,Team,20260904-UNebraska-Private-3,67263230-a8a6-11f1-8243-4f0324f7f614,70.65402,3.10522,,5.11161,,,,1.66555,3.10522,0.61433,3a45c290-6ade-4fcd-816b-cea7ae13fb8f,2026-09-04,21:20:06.73,2026-09-04T16:20:06.7312128-05:00,2026-09-04T21:20:06.7312128Z,GroundBall,v3,4865,4865,,"Fikes, Trey",10277361,Right,NEB,9160eef1-80ac-4126-ae65-ef7c0be83e96,55.7031,-106.02231,7.99953,5.89251,4.37053,-18.15829,0.94218,1.95545,-4.68892,74.916802,1.66585,127.12408,-21.60888,,,,,,,3.10543,-20.64759,-16.25489,,,,,,,0.6146,-50.14375,-6.18523,,,,,,,,,,,,,,,,,,,,,,,,,,,,,High,High,High,High,High,,,
41,2026-09-04,16:23:56.69,1,1,"Stewart, Braxton",822523,Left,NEB,"Grego, Drew",837715,Right,NEB,Undefined,2,Bottom,0,0,0,Slider,Slider,StrikeCalled,Undefined,Undefined,Undefined,0,0,,82.65677,0.022223,0.324884,2264.501259,276.199981,3:15,6.33727,-1.36906,5.90746,-40.12116,1.29004,1.67382,3.01448,-0.92801,74.84738,-7.406699,0.625827,0.463159,,,,,,,,,,,,-0.74409,1.14917,1.34207,50,6.31674,-0.74781,-119.92129,-1.28557,-1.06712,26.48115,-30.52604,NEB,NEB,UNebraska,TeamExclusive,Team,20260904-UNebraska-Private-3,f032e1e0-a8a6-11f1-8243-4f0324f7f614,81.38119,,,7.80939,,,,,,,3a45c290-6ade-4fcd-816b-cea7ae13fb8f,2026-09-04,21:23:56.69,2026-09-04T16:23:56.6936576-05:00,2026-09-04T21:23:56.6936576Z,,v3,4865,4865,,"Worthley, Jeter",828636,Right,NEB,55b77e30-b9dd-4b49-b6ca-f984639a5e29,54.58936,-120.93047,13.24058,6.34356,-0.12224,-15.26302,1.36979,-0.70715,-0.53356,,,,,,,,,,,,,,,,,,,,,,,,,,,,,,,,,,,,,,,,,,,,,,,,,,,High,High,High,,,,,
42,2026-09-04,16:24:17.42,1,2,"Stewart, Braxton",822523,Left,NEB,"Grego, Drew",837715,Right,NEB,Undefined,2,Bottom,0,0,1,Fastball,Four-Seam,BallCalled,Undefined,Undefined,Undefined,0,0,,88.23166,-3.389367,2.672524,2276.886736,146.852995,11:00,6.41835,-1.46852,6.14285,-20.94466,14.62272,-8.82398,1.5337,0.26768,81.15091,-7.316467,1.082263,0.429237,,,,,,,,,,,,5.27181,8.81327,1.26917,50,6.14863,-5.61662,-127.93396,-8.21159,8.76873,25.50025,-17.51472,NEB,NEB,UNebraska,TeamExclusive,Team,20260904-UNebraska-Private-3,fc85f130-a8a6-11f1-8243-4f0324f7f614,87.81261,,,7.08075,,,,,,,3a45c290-6ade-4fcd-816b-cea7ae13fb8f,2026-09-04,21:24:17.42,2026-09-04T16:24:17.4281728-05:00,2026-09-04T21:24:17.4281728Z,,v3,4865,4865,,"Worthley, Jeter",828636,Right,NEB,07e5a0b0-ee00-4a10-bd24-8e9c19bb3635,54.35687,-128.79946,12.75013,6.41725,-7.61712,-8.75736,1.46486,-5.91424,4.38436,,,,,,,,,,,,,,,,,,,,,,,,,,,,,,,,,,,,,,,,,,,,,,,,,,,High,High,High,,,,,
43,2026-09-04,16:24:39.26,1,3,"Stewart, Braxton",822523,Left,NEB,"Grego, Drew",837715,Right,NEB,Undefined,2,Bottom,0,1,1,Slider,Slider,BallCalled,Undefined,Undefined,Undefined,0,0,,83.28299,-1.975252,-0.565051,2259.779006,244.688745,2:15,6.39405,-1.26709,6.57463,-37.661,1.58677,0.77583,1.44434,-1.72037,76.7539,-8.971467,-0.423614,0.450899,,,,,,,,,,,,-0.56465,1.81602,1.3056,50,6.24318,1.16588,-121.06933,-5.29638,-0.83697,23.92392,-29.48214,NEB,NEB,UNebraska,TeamExclusive,Team,20260904-UNebraska-Private-3,099090b0-a8a7-11f1-8243-4f0324f7f614,83.59403,,,6.52909,,,,,,,3a45c290-6ade-4fcd-816b-cea7ae13fb8f,2026-09-04,21:24:39.26,2026-09-04T16:24:39.2633344-05:00,2026-09-04T21:24:39.2633344Z,,v3,4865,4865,,"Worthley, Jeter",828636,Right,NEB,3299cf93-b4e1-4fda-bceb-f5683aeaa9bf,53.9249,-121.84244,11.96196,6.39894,-4.34366,-14.74107,1.26749,1.19293,-0.41848,,,,,,,,,,,,,,,,,,,,,,,,,,,,,,,,,,,,,,,,,,,,,,,,,,,High,High,High,,,,,
44,2026-09-04,16:24:59.25,1,4,"Stewart, Braxton",822523,Left,NEB,"Grego, Drew",837715,Right,NEB,Undefined,2,Bottom,0,2,1,Slider,Slider,FoulBallNotFieldable,Undefined,Undefined,Undefined,0,0,,82.93572,-0.380117,1.171418,2259.266266,258.796012,2:45,6.3628,-1.33261,6.00053,-38.319,1.73992,3.07721,2.81725,0.00941,76.87182,-7.430214,1.725442,0.455534,68.31462,26.991047,163.806882,4720.191747,-106.79062,20.06973,26.37684,155.81453,54.55979,167.482554,2.090782,-1.27004,1.43213,1.23891,50,6.31237,-2.58833,-120.60243,-2.06707,-1.88837,21.36299,-30.04466,NEB,NEB,UNebraska,TeamExclusive,Team,20260904-UNebraska-Private-3,157d3d10-a8a7-11f1-8243-4f0324f7f614,82.74336,23.7035,,6.06389,,,,2.01488,2.85923,-0.03026,3a45c290-6ade-4fcd-816b-cea7ae13fb8f,2026-09-04,21:24:59.25,2026-09-04T16:24:59.2509440-05:00,2026-09-04T21:24:59.2509440Z,FlyBall,v3,4865,4865,,"Worthley, Jeter",828636,Right,NEB,b876765d-f43f-4156-b820-64272386be44,54.49887,-121.39673,10.6815,6.36845,-0.94999,-15.02233,1.33385,-2.51812,-0.94418,339.110704,2.01493,-85.7428,4.80682,0.51831,0.18134,-0.36293,0.24117,-0.07267,0.00815,2.8592,45.47681,-27.48812,3.40037,-0.72528,0.20875,-0.07349,0.02243,-0.00306,-0.03029,24.9007,-4.61143,0.41564,-0.28514,0.25246,-0.14822,0.04377,-0.00494,,,,,,,,,,,,,,,,,,,,,,,High,High,High,High,Low,,,
45,2026-09-04,16:25:30.11,1,5,"Stewart, Braxton",822523,Left,NEB,"Grego, Drew",837715,Right,NEB,Undefined,2,Bottom,0,2,2,Fastball,Four-Seam,FoulBallNotFieldable,Undefined,Undefined,Undefined,0,0,,90.54502,-2.025557,1.238131,2317.036235,158.401578,11:15,6.47215,-1.19486,6.19426,-17.6293,16.13745,-5.95453,3.13178,-0.54781,82.6556,-5.381175,0.163217,0.418231,73.10566,41.022253,134.840659,3827.041523,-84.52293,53.35904,70.39759,204.99659,73.34583,144.964728,3.287837,3.43481,9.2663,1.10453,50,6.31055,-2.596,-131.48172,-5.15671,5.99723,28.54763,-15.99486,NEB,NEB,UNebraska,TeamExclusive,Team,20260904-UNebraska-Private-3,27d8f210-a8a7-11f1-8243-4f0324f7f614,90.12357,53.36119,,7.88941,,,,0.54534,2.99529,0.53787,3a45c290-6ade-4fcd-816b-cea7ae13fb8f,2026-09-04,21:25:30.11,2026-09-04T16:25:30.1107712-05:00,2026-09-04T21:25:30.1107712Z,FlyBall,v3,4865,4865,,"Worthley, Jeter",828636,Right,NEB,720ec1fb-c44f-4ac1-a3bc-5a5cfc8200d3,54.30477,-132.41308,14.27382,6.47028,-4.63489,-7.99743,1.19241,-2.79166,2.99862,324.275462,0.54531,-57.04429,-0.92873,1.16868,-0.0175,-0.1718,0.0968,-0.02206,0.00183,2.99559,70.36133,-28.30558,3.07996,-0.29551,-0.1343,0.07157,-0.01281,0.00081,0.53813,57.35148,-8.67049,1.06112,-0.17199,0.04973,-0.03614,0.01132,-0.00115,,,,,,,,,,,,,,,,,,,,,,,High,High,High,High,Low,,,
46,2026-09-04,16:25:56.14,1,6,"Stewart, Braxton",822523,Left,NEB,"Grego, Drew",837715,Right,NEB,Undefined,2,Bottom,0,2,2,Slider,Slider,FoulBallNotFieldable,Undefined,Undefined,Undefined,0,0,,83.85132,-1.335538,0.868909,2409.576029,313.287967,4:30,6.41016,-0.98984,6.20452,-39.25124,-0.74024,1.80622,1.9061,-0.03722,78.66503,-8.532855,1.195744,0.446646,65.11722,20.172348,149.754861,5101.091762,,,,127.3022,53.58842,151.841843,1.559246,-0.75024,0.18039,0.92366,50,6.28972,-1.91738,-122.12121,-4.09703,-1.15424,19.81767,-31.89648,NEB,NEB,UNebraska,TeamExclusive,Team,20260904-UNebraska-Private-3,375d6b30-a8a7-11f1-8243-4f0324f7f614,84.38989,13.21649,,5.18629,,,,1.48117,1.69417,-0.10102,3a45c290-6ade-4fcd-816b-cea7ae13fb8f,2026-09-04,21:25:56.14,2026-09-04T16:25:56.1444864-05:00,2026-09-04T21:25:56.1444864Z,LineDrive,v3,4865,4865,,"Worthley, Jeter",828636,Right,NEB,9d7592ef-198b-436d-a863-72034d300348,54.29935,-122.81692,9.90884,6.4139,-2.97728,-15.94824,0.99026,-1.87686,-0.57712,335.439556,1.48117,-77.44391,4.57824,-1.34072,0.17797,-0.00207,-0.00404,0.0005,8E-05,1.69417,32.93448,-25.35284,2.83297,-0.42279,0.04275,-0.00273,-0.00024,6E-05,-0.10102,45.15515,-7.81304,3.39192,-0.9606,0.23396,-0.05246,0.00973,-0.00108,,,,,,,,,,,,,,,,,,,,,,,High,High,High,High,Low,,,
47,2026-09-04,16:26:24.78,1,7,"Stewart, Braxton",822523,Left,NEB,"Grego, Drew",837715,Right,NEB,Undefined,2,Bottom,0,2,2,Fastball,Sinker,InPlay,Undefined,GroundBall,Out,1,0,,88.86819,-1.889753,1.689283,2188.742432,136.593218,10:30,6.26163,-1.66301,6.0967,-21.93143,13.60938,-11.67694,2.68473,-1.07317,80.40873,-6.039177,-0.415062,0.429077,75.08487,-20.203274,-30.486829,,,,,8.26171,7.36691,-18.415984,0.070697,6.55705,7.98725,1.53896,50,6.10455,-3.31884,-128.89633,-4.91909,10.88647,30.07813,-18.91306,NEB,NEB,UNebraska,TeamExclusive,Team,20260904-UNebraska-Private-3,486ca300-a8a7-11f1-8243-4f0324f7f614,87.84548,2.69761,,8.45946,,,,1.52148,2.69761,1.10913,3a45c290-6ade-4fcd-816b-cea7ae13fb8f,2026-09-04,21:26:24.78,2026-09-04T16:26:24.7822848-05:00,2026-09-04T21:26:24.7822848Z,GroundBall,v3,4865,4865,,"Worthley, Jeter",828636,Right,NEB,bb1ab3a8-f953-4684-af39-4e10bb0f09ad,54.40161,-129.91939,15.03907,6.26093,-4.27579,-9.45653,1.65814,-3.68913,5.44324,180,1.51813,89.35525,,,,,,,,2.69905,-38.15757,,,,,,,,1.11111,-52.6066,,,,,,,,,,,,,,,,,,,,,,,,,,,,,,High,High,High,High,High,,,
48,2026-09-04,16:27:05.37,2,1,"Stewart, Braxton",822523,Left,NEB,"Hoover, Caleb",1000091549,Left,NEB,Undefined,2,Bottom,1,0,0,Slider,Slider,FoulBallNotFieldable,Undefined,Undefined,Undefined,0,0,,81.52633,0.82458,0.36258,2298.946749,276.069407,3:15,6.33446,-1.32222,5.80143,-40.78557,0.47953,4.97079,3.70265,-0.57075,76.31334,-6.632965,1.253969,0.462341,,,,,,,,,,,,-2.46807,0.38555,1.28942,50,6.37743,-0.94008,-118.71614,0.35405,-3.59869,18.10002,-31.6119,NEB,NEB,UNebraska,TeamExclusive,Team,20260904-UNebraska-Private-3,60a8dc40-a8a7-11f1-8243-4f0324f7f614,81.52512,,,5.21299,,,,,,,3a45c290-6ade-4fcd-816b-cea7ae13fb8f,2026-09-04,21:27:05.37,2026-09-04T16:27:05.3780992-05:00,2026-09-04T21:27:05.3780992Z,,v3,4865,4865,,"Worthley, Jeter",828636,Right,NEB,0221ad5d-7397-408b-9662-bc21eb14c015,54.70176,-119.43084,9.05001,6.33881,1.60228,-15.80595,1.32373,-0.79798,-1.79934,,,,,,,,,,,,,,,,,,,,,,,,,,,,,,,,,,,,,,,,,,,,,,,,,,,High,High,High,,,,,
49,2026-09-04,16:27:19.71,2,2,"Stewart, Braxton",822523,Left,NEB,"Hoover, Caleb",1000091549,Left,NEB,Undefined,2,Bottom,1,0,1,Slider,Slider,FoulBallNotFieldable,Undefined,Undefined,Undefined,0,0,,83.58072,-0.607583,0.588821,2346.961483,270.50255,3:00,6.24942,-1.33871,6.11782,-38.06738,1.00638,4.24792,2.51534,-0.4403,77.85684,-7.610765,1.355773,0.449898,,,,,,,,,,,,-2.04929,1.02917,1.29148,50,6.1831,-1.41208,-121.65694,-2.52535,-3.11371,20.7763,-30.61031,NEB,NEB,UNebraska,TeamExclusive,Team,20260904-UNebraska-Private-3,693805c0-a8a7-11f1-8243-4f0324f7f614,83.77997,,,5.72388,,,,,,,3a45c290-6ade-4fcd-816b-cea7ae13fb8f,2026-09-04,21:27:19.71,2026-09-04T16:27:19.7122048-05:00,2026-09-04T21:27:19.7122048Z,,v3,4865,4865,,"Worthley, Jeter",828636,Right,NEB,27a6d7b2-8168-4e39-9b1c-e6d67709efb4,54.3838,-122.4033,10.38815,6.25407,-1.42571,-15.30515,1.3402,-1.30022,-1.55685,,,,,,,,,,,,,,,,,,,,,,,,,,,,,,,,,,,,,,,,,,,,,,,,,,,High,High,High,,,,,
50,2026-09-04,16:27:46.97,2,3,"Stewart, Braxton",822523,Left,NEB,"Hoover, Caleb",1000091549,Left,NEB,Undefined,2,Bottom,1,0,2,Slider,Slider,BallCalled,Undefined,Undefined,Undefined,0,0,,84.20024,-2.700064,0.976954,2413.874635,290.227134,3:45,6.26127,-1.27047,6.32653,-38.72782,0.33831,2.58008,0.54522,-0.15568,77.25518,-9.847148,1.445307,0.449854,,,,,,,,,,,,-1.05496,1.35461,1.19797,50,6.04581,-2.17954,-122.23728,-6.9725,-1.58214,26.07467,-30.14253,NEB,NEB,UNebraska,TeamExclusive,Team,20260904-UNebraska-Private-3,79706590-a8a7-11f1-8243-4f0324f7f614,83.78818,,,6.94505,,,,,,,3a45c290-6ade-4fcd-816b-cea7ae13fb8f,2026-09-04,21:27:46.97,2026-09-04T16:27:46.9744128-05:00,2026-09-04T21:27:46.9744128Z,,v3,4865,4865,,"Worthley, Jeter",828636,Right,NEB,9e4301fc-1faa-4325-aad0-96f97da7518d,54.17415,-123.12446,13.03734,6.2656,-5.94691,-15.07126,1.27121,-2.12571,-0.79107,,,,,,,,,,,,,,,,,,,,,,,,,,,,,,,,,,,,,,,,,,,,,,,,,,,High,High,High,,,,,
51,2026-09-04,16:28:11.71,2,4,"Stewart, Braxton",822523,Left,NEB,"Hoover, Caleb",1000091549,Left,NEB,Undefined,2,Bottom,1,1,2,Slider,Slider,StrikeSwinging,Strikeout,Undefined,Undefined,0,0,,84.38256,-1.882629,1.443778,2368.171825,276.282197,3:15,6.40635,-1.19773,6.16168,-38.2462,1.0798,2.60055,1.47883,0.35302,76.85964,-8.955167,1.913863,0.451348,,,,,,,,,,,,-0.88429,1.57697,1.08691,50,6.24424,-3.18678,-122.43,-5.2594,-1.32368,27.27887,-29.81349,NEB,NEB,UNebraska,TeamExclusive,Team,20260904-UNebraska-Private-3,8830cb60-a8a7-11f1-8243-4f0324f7f614,83.51087,,,7.52291,,,,,,,3a45c290-6ade-4fcd-816b-cea7ae13fb8f,2026-09-04,21:28:11.71,2026-09-04T16:28:11.7162496-05:00,2026-09-04T21:28:11.7162496Z,,v3,4865,4865,,"Worthley, Jeter",828636,Right,NEB,959aa5c0-aefa-4253-bef3-3a1fa4e06bae,54.33706,-123.39257,13.63944,6.41127,-4.2074,-14.90675,1.19853,-3.14007,-0.66184,,,,,,,,,,,,,,,,,,,,,,,,,,,,,,,,,,,,,,,,,,,,,,,,,,,High,High,High,,,,,
52,2026-09-04,16:28:43.95,3,1,"Stewart, Braxton",822523,Left,NEB,"Fikes, Trey",10277361,Right,NEB,Undefined,2,Bottom,2,0,0,Fastball,Four-Seam,InPlay,Undefined,FlyBall,Out,1,0,,90.22371,-2.062796,1.421781,2321.474979,149.911322,11:00,6.43182,-1.21816,6.20855,-19.48505,14.37351,-7.71615,2.90275,-0.54863,82.72851,-5.743729,0.028318,0.418799,96.57172,29.24862,12.971497,3956.646177,105.65555,61.62751,30.60812,346.97881,259.6686,21.876569,5.296015,4.4002,8.34418,1.11525,50,6.26706,-2.94124,-131.07061,-5.30427,7.66544,27.33781,-17.63786,NEB,NEB,UNebraska,TeamExclusive,Team,20260904-UNebraska-Private-3,9b5faee0-a8a7-11f1-8243-4f0324f7f614,90.00128,88.18634,,7.49519,,,,0.49012,2.93902,0.55052,3a45c290-6ade-4fcd-816b-cea7ae13fb8f,2026-09-04,21:28:43.95,2026-09-04T16:28:43.9580160-05:00,2026-09-04T21:28:43.9580160Z,FlyBall,v3,4865,4865,,"Worthley, Jeter",828636,Right,NEB,9d8178ab-b8fb-4580-a87a-086de3a76064,54.29167,-131.9627,13.6689,6.43075,-4.72871,-8.81893,1.21531,-3.19138,3.83272,200.419706,0.49184,120.40075,-28.23293,6.86404,-1.29295,0.18101,-0.01873,0.00149,-7E-05,2.9406,69.15648,-13.5959,-0.98643,0.65941,-0.22289,0.04848,-0.00574,0.00028,0.55068,27.73419,0.39811,-0.76419,0.24979,-0.04552,0.00439,-0.00016,-0,,,,,,,,,,,,,,,,,,,,,,,High,High,High,Medium,Low,,,
53,2026-09-04,16:32:04.83,1,1,"Bender, Pryce",830146,Right,NEB,"Moore, Reese",1000594798,Left,NEB,Undefined,3,Top,0,0,0,Fastball,Four-Seam,StrikeCalled,Undefined,Undefined,Undefined,0,0,,90.62744,-1.987807,-5.015355,2210.957678,216.296309,1:15,5.61897,2.99055,6.42838,-18.03969,15.55261,10.61721,2.28083,-0.7463,82.68792,-5.428559,-3.101682,0.417149,,,,,,,,,,,,-6.92091,9.00142,-2.63684,50,5.46841,11.08215,-131.19288,-5.06497,-12.04992,28.01596,-16.50171,NEB,NEB,UNebraska,TeamExclusive,Team,20260904-UNebraska-Private-3,131dacc0-a8a8-11f1-8243-4f0324f7f614,90.35726,,,7.93952,,,,,,,3a45c290-6ade-4fcd-816b-cea7ae13fb8f,2026-09-04,21:32:04.83,2026-09-04T16:32:04.8305664-05:00,2026-09-04T21:32:04.8305664Z,,v3,4865,4865,,"Fikes, Trey",10277361,Right,NEB,07f2e6e1-2f62-47bf-89b4-9ab9ae64e1ad,54.07036,-132.05924,14.00798,5.61714,-4.55467,-8.25086,-2.9853,11.45478,-6.02496,,,,,,,,,,,,,,,,,,,,,,,,,,,,,,,,,,,,,,,,,,,,,,,,,,,High,High,High,,,,,
54,2026-09-04,16:32:29.58,1,2,"Bender, Pryce",830146,Right,NEB,"Moore, Reese",1000594798,Left,NEB,Undefined,3,Top,0,0,1,Knuckleball,Curveball,BallCalled,Undefined,Undefined,Undefined,0,0,,73.57008,1.687928,-2.560722,2554.046842,248.336908,2:15,5.57402,2.86939,6.4747,-46.90766,3.67339,5.25618,3.21712,0.95425,67.45018,-7.068119,-1.608055,0.511877,,,,,,,,,,,,-3.44528,1.99583,-2.69102,50,5.67294,4.60389,-106.8325,1.90467,-3.97725,18.59754,-29.87003,NEB,NEB,UNebraska,TeamExclusive,Team,20260904-UNebraska-Private-3,21f32130-a8a8-11f1-8243-4f0324f7f614,73.63579,,,6.1199,,,,,,,3a45c290-6ade-4fcd-816b-cea7ae13fb8f,2026-09-04,21:32:29.58,2026-09-04T16:32:29.5880704-05:00,2026-09-04T21:32:29.5880704Z,,v3,4865,4865,,"Fikes, Trey",10277361,Right,NEB,98a1e867-29b3-4cc7-8602-d3edcb1694a5,54.02409,-107.53074,9.29877,5.58038,3.02612,-14.93502,-2.86668,4.75322,-1.98863,,,,,,,,,,,,,,,,,,,,,,,,,,,,,,,,,,,,,,,,,,,,,,,,,,,High,High,High,,,,,
55,2026-09-04,16:32:50.77,1,3,"Bender, Pryce",830146,Right,NEB,"Moore, Reese",1000594798,Left,NEB,Undefined,3,Top,0,1,1,Slider,Slider,BallCalled,Undefined,Undefined,Undefined,0,0,,85.89485,-3.2562,-3.467903,2629.685864,115.282878,9:45,5.85241,2.90717,5.9809,-33.29608,5.18784,-8.11437,0.05061,-0.98753,78.23658,-9.377422,-4.924286,0.446489,,,,,,,,,,,,3.07693,4.09965,-2.62826,50,5.57602,7.84949,-124.25485,-8.17004,4.73388,28.59376,-25.86671,NEB,NEB,UNebraska,TeamExclusive,Team,20260904-UNebraska-Private-3,2e7d4610-a8a8-11f1-8243-4f0324f7f614,84.4196,,,7.65827,,,,,,,3a45c290-6ade-4fcd-816b-cea7ae13fb8f,2026-09-04,21:32:50.77,2026-09-04T16:32:50.7719680-05:00,2026-09-04T21:32:50.7719680Z,,v3,4865,4865,,"Fikes, Trey",10277361,Right,NEB,f3c3112d-ec8d-45f9-8469-24c530eb9585,54.51865,-125.29037,14.29688,5.85494,-7.23327,-12.93336,-2.90943,7.67805,2.36694,,,,,,,,,,,,,,,,,,,,,,,,,,,,,,,,,,,,,,,,,,,,,,,,,,,High,High,High,,,,,
56,2026-09-04,16:33:17.06,1,4,"Bender, Pryce",830146,Right,NEB,"Moore, Reese",1000594798,Left,NEB,Undefined,3,Top,0,2,1,Cutter,Cutter,BallCalled,Undefined,Undefined,Undefined,0,0,,88.91088,-0.986009,-4.916276,2457.672786,173.493908,11:45,5.41621,3.20346,6.5211,-21.12631,13.29367,-1.4039,2.74758,-1.43542,82.07325,-4.965621,-5.169438,0.422257,,,,,,,,,,,,-0.5161,7.55178,-2.85993,50,5.338,11.14305,-128.94956,-2.82568,-0.87563,24.89055,-19.36126,NEB,NEB,UNebraska,TeamExclusive,Team,20260904-UNebraska-Private-3,3e23c620-a8a8-11f1-8243-4f0324f7f614,89.26425,,,6.83763,,,,,,,3a45c290-6ade-4fcd-816b-cea7ae13fb8f,2026-09-04,21:33:17.06,2026-09-04T16:33:17.0664960-05:00,2026-09-04T21:33:17.0664960Z,,v3,4865,4865,,"Fikes, Trey",10277361,Right,NEB,2fff4b86-4058-4742-ab8d-04b33e43b44b,53.98107,-129.71574,12.44528,5.4158,-2.22971,-9.68063,-3.20335,11.17001,-0.43781,,,,,,,,,,,,,,,,,,,,,,,,,,,,,,,,,,,,,,,,,,,,,,,,,,,High,High,High,,,,,
57,2026-09-04,16:33:41.72,1,5,"Bender, Pryce",830146,Right,NEB,"Moore, Reese",1000594798,Left,NEB,Undefined,3,Top,0,3,1,ChangeUp,Changeup,InPlay,Undefined,GroundBall,Out,1,0,,83.87938,-0.471427,-3.973373,1553.106749,228.887946,1:45,5.22027,3.09111,6.51629,-26.24375,12.54261,12.9906,2.59965,0.52182,76.8744,-5.427534,-1.621498,0.44824,79.93388,-22.277733,19.969709,,,,,7.4997,6.45075,13.911287,0.059338,-7.90004,7.07138,-2.81914,50,5.17582,7.98729,-121.74706,-1.72346,-11.883,23.41717,-21.53751,NEB,NEB,UNebraska,TeamExclusive,Team,20260904-UNebraska-Private-3,4cddea60-a8a8-11f1-8243-4f0324f7f614,84.08981,2.64478,,7.00498,,,,1.21211,2.64478,-0.40173,3a45c290-6ade-4fcd-816b-cea7ae13fb8f,2026-09-04,21:33:41.72,2026-09-04T16:33:41.7293824-05:00,2026-09-04T21:33:41.7293824Z,GroundBall,v3,4865,4865,,"Fikes, Trey",10277361,Right,NEB,b7b9e570-e2a0-49fa-858f-3537c9cd5e14,53.98428,-122.51101,11.70859,5.22058,-1.02083,-10.76875,-3.08604,8.37496,-5.9415,180,1.20931,102.25534,,,,,,,,2.646,-44.57149,,,,,,,,-0.40275,37.15669,,,,,,,,,,,,,,,,,,,,,,,,,,,,,,High,High,High,Low,Low,,,
58,2026-09-04,16:34:23.27,2,1,"Bender, Pryce",830146,Right,NEB,"Kelley, Carter",831357,Right,NEB,Undefined,3,Top,1,0,0,Cutter,Slider,BallCalled,Undefined,Undefined,Undefined,0,0,,85.8238,-1.333919,-4.685158,2520.133996,155.231173,11:15,5.72201,2.90501,6.36813,-32.66329,4.72823,-1.65677,1.76828,-1.55393,79.02825,-7.388406,-4.983628,0.440107,,,,,,,,,,,,-0.42445,3.21756,-2.56506,50,5.6104,10.25588,-124.36492,-3.92127,-0.66581,24.56279,-27.12669,NEB,NEB,UNebraska,TeamExclusive,Team,20260904-UNebraska-Private-3,65aaf1f0-a8a8-11f1-8243-4f0324f7f614,85.64387,,,6.79554,,,,,,,3a45c290-6ade-4fcd-816b-cea7ae13fb8f,2026-09-04,21:34:23.27,2026-09-04T16:34:23.2711680-05:00,2026-09-04T21:34:23.2711680Z,,v3,4865,4865,,"Fikes, Trey",10277361,Right,NEB,a1e2ab5d-028a-4f0e-9060-bd67e0b13cc2,54.13104,-125.17817,12.28139,5.72536,-3.02314,-13.56334,-2.90498,10.27792,-0.33291,,,,,,,,,,,,,,,,,,,,,,,,,,,,,,,,,,,,,,,,,,,,,,,,,,,High,High,High,,,,,
59,2026-09-04,16:34:43.41,2,2,"Bender, Pryce",830146,Right,NEB,"Kelley, Carter",831357,Right,NEB,Undefined,3,Top,1,1,0,Slider,Slider,StrikeSwinging,Undefined,Undefined,Undefined,0,0,,83.40266,0.023387,-3.139571,2533.182847,113.130138,9:45,5.73571,3.08548,6.05566,-34.93573,5.24083,-9.25032,2.84608,-0.59442,76.25095,-6.452986,-4.800112,0.456203,,,,,,,,,,,,3.80563,3.1241,-2.83664,50,5.71916,7.0011,-120.9712,-1.06423,5.60966,24.75948,-27.56902,NEB,NEB,UNebraska,TeamExclusive,Team,20260904-UNebraska-Private-3,71acfb10-a8a8-11f1-8243-4f0324f7f614,82.62214,,,7.15171,,,,,,,3a45c290-6ade-4fcd-816b-cea7ae13fb8f,2026-09-04,21:34:43.41,2026-09-04T16:34:43.4108416-05:00,2026-09-04T21:34:43.4108416Z,,v3,4865,4865,,"Fikes, Trey",10277361,Right,NEB,34886243-811e-4842-8691-a9c90f5d5d82,54.44241,-121.87705,12.37974,5.73965,-0.05559,-13.78451,-3.08903,6.79586,2.80483,,,,,,,,,,,,,,,,,,,,,,,,,,,,,,,,,,,,,,,,,,,,,,,,,,,High,High,High,,,,,
60,2026-09-04,16:35:03.87,2,3,"Bender, Pryce",830146,Right,NEB,"Kelley, Carter",831357,Right,NEB,Undefined,3,Top,1,1,1,Slider,Slider,BallCalled,Undefined,Undefined,Undefined,0,0,,81.78398,-1.315945,-4.558019,2459.630458,103.30674,9:30,5.68416,2.87343,6.09595,-37.63329,4.81095,-13.94343,1.3268,-2.51333,74.23272,-8.266932,-7.054727,0.468901,,,,,,,,,,,,5.55114,3.46516,-2.51537,50,5.56364,9.97934,-118.23031,-3.90203,7.70854,26.52484,-27.36221,NEB,NEB,UNebraska,TeamExclusive,Team,20260904-UNebraska-Private-3,7de35aa0-a8a8-11f1-8243-4f0324f7f614,80.38471,,,7.55127,,,,,,,3a45c290-6ade-4fcd-816b-cea7ae13fb8f,2026-09-04,21:35:03.87,2026-09-04T16:35:03.8720512-05:00,2026-09-04T21:35:03.8720512Z,,v3,4865,4865,,"Fikes, Trey",10277361,Right,NEB,30cc61b5-b126-41f8-920c-af9995bf53f8,54.39906,-119.21315,13.26242,5.68944,-2.88817,-13.68111,-2.87985,9.69372,3.85427,,,,,,,,,,,,,,,,,,,,,,,,,,,,,,,,,,,,,,,,,,,,,,,,,,,High,High,High,,,,,
61,2026-09-04,16:35:26.68,2,4,"Bender, Pryce",830146,Right,NEB,"Kelley, Carter",831357,Right,NEB,Undefined,3,Top,1,2,1,Fastball,Four-Seam,InPlay,Undefined,LineDrive,Single,0,0,,90.88948,-1.567603,-3.855638,2239.237908,221.475482,1:30,5.81773,2.71572,6.62604,-18.38088,14.58229,11.96528,2.84694,0.17692,83.1019,-5.080992,-1.68466,0.413224,109.43123,6.863927,-3.286531,2169.831653,,,,134.88927,134.88927,-1.684117,0.96191,-7.37721,8.43264,-2.4586,50,5.70346,8.42804,-131.89913,-4.11329,-12.99856,28.01051,-17.31585,NEB,NEB,UNebraska,TeamExclusive,Team,20260904-UNebraska-Private-3,8b6a7d20-a8a8-11f1-8243-4f0324f7f614,91.21542,6.5415,,7.78758,,,,1.30577,2.83797,-0.15303,3a45c290-6ade-4fcd-816b-cea7ae13fb8f,2026-09-04,21:35:26.68,2026-09-04T16:35:26.6840576-05:00,2026-09-04T21:35:26.6840576Z,LineDrive,v3,4865,4865,,"Fikes, Trey",10277361,Right,NEB,3ac50d71-aa77-4000-b4ce-f66a4384e41a,53.87443,-132.71937,14.00526,5.81648,-3.60623,-8.65793,-2.71097,8.80867,-6.49928,325.235326,1.30577,159.08647,-23.76652,3.41971,-0.78254,0.16871,-0.03624,0.00729,-0.00088,2.83797,19.1815,-26.36305,4.25142,-1.00351,0.2698,-0.06567,0.01375,-0.00174,-0.15303,-9.13535,6.47558,-1.40762,0.34512,-0.08751,0.02133,-0.0045,0.00056,,,,,,,,,,,,,,,,,,,,,,,High,High,High,High,High,,,
62,2026-09-04,16:36:07.11,3,1,"Bender, Pryce",830146,Right,NEB,"Strohmeyer, Reed",837719,Left,NEB,Undefined,3,Top,1,0,0,Fastball,Four-Seam,BallCalled,Undefined,Undefined,Undefined,0,0,,88.98378,-0.704461,-2.993918,2262.892469,217.081898,1:15,5.63349,3.03525,6.22348,-19.46584,15.40954,10.81068,3.36041,1.1711,81.27426,-4.403161,-1.044941,0.425041,,,,,,,,,,,,-6.39292,8.50524,-2.81615,50,5.57087,6.31089,-129.1674,-2.1481,-10.8049,26.80192,-17.79907,NEB,NEB,UNebraska,TeamExclusive,Team,20260904-UNebraska-Private-3,a38ac9f0-a8a8-11f1-8243-4f0324f7f614,88.67954,,,7.70952,,,,,,,3a45c290-6ade-4fcd-816b-cea7ae13fb8f,2026-09-04,21:36:07.11,2026-09-04T16:36:07.1180288-05:00,2026-09-04T21:36:07.1180288Z,,v3,4865,4865,,"Fikes, Trey",10277361,Right,NEB,aa1e847d-2fec-4432-8bbc-f84a854b5c59,54.27508,-130.05144,13.40096,5.63204,-1.56101,-8.89953,-3.03019,6.66728,-5.40245,,,,,,,,,,,,,,,,,,,,,,,,,,,,,,,,,,,,,,,,,,,,,,,,,,,High,High,High,,,,,
63,2026-09-04,16:36:30.27,3,2,"Bender, Pryce",830146,Right,NEB,"Strohmeyer, Reed",837719,Left,NEB,Undefined,3,Top,1,1,0,ChangeUp,Changeup,FoulBallNotFieldable,Undefined,Undefined,Undefined,0,0,,83.37733,-0.729177,-4.242828,1526.082888,258.780779,2:45,5.26479,3.09659,6.33325,-34.83443,4.42453,16.6271,1.68862,0.56823,77.16912,-7.189444,-1.240468,0.450963,,,,,,,,,,,,-9.79209,2.8052,-2.7948,50,5.19478,8.38646,-121.07077,-2.59736,-14.67677,21.46742,-27.96953,NEB,NEB,UNebraska,TeamExclusive,Team,20260904-UNebraska-Private-3,b155ac30-a8a8-11f1-8243-4f0324f7f614,83.58213,,,6.20822,,,,,,,3a45c290-6ade-4fcd-816b-cea7ae13fb8f,2026-09-04,21:36:30.27,2026-09-04T16:36:30.2765056-05:00,2026-09-04T21:36:30.2765056Z,,v3,4865,4865,,"Fikes, Trey",10277361,Right,NEB,88187a7f-9568-4f8f-bb61-1f3aaf8f3b25,54.17012,-121.80794,10.73371,5.26748,-1.63691,-13.98476,-3.09143,8.89044,-7.33839,,,,,,,,,,,,,,,,,,,,,,,,,,,,,,,,,,,,,,,,,,,,,,,,,,,High,High,High,,,,,
64,2026-09-04,16:36:56.27,3,3,"Bender, Pryce",830146,Right,NEB,"Strohmeyer, Reed",837719,Left,NEB,Undefined,3,Top,1,1,1,ChangeUp,Changeup,FoulBallNotFieldable,Undefined,Undefined,Undefined,0,0,,83.08255,-0.701103,-4.33417,1615.239971,255.173265,2:30,5.21261,3.17067,6.51443,-33.25884,6.06402,18.56674,1.79581,0.7331,76.74134,-6.905655,-0.971014,0.45133,,,,,,,,,,,,-10.89107,3.69788,-2.87581,50,5.14904,8.49225,-120.64306,-2.44019,-16.18466,21.64683,-26.67885,NEB,NEB,UNebraska,TeamExclusive,Team,20260904-UNebraska-Private-3,c0d67bd0-a8a8-11f1-8243-4f0324f7f614,83.5142,,,6.34121,,,,,,,3a45c290-6ade-4fcd-816b-cea7ae13fb8f,2026-09-04,21:36:56.27,2026-09-04T16:36:56.2782720-05:00,2026-09-04T21:36:56.2782720Z,,v3,4865,4865,,"Fikes, Trey",10277361,Right,NEB,b255635f-a21b-4ee9-bfa4-304f5bb07bcf,53.98865,-121.35662,10.82342,5.21498,-1.56075,-13.33942,-3.16454,9.02577,-8.09233,,,,,,,,,,,,,,,,,,,,,,,,,,,,,,,,,,,,,,,,,,,,,,,,,,,High,High,High,,,,,
65,2026-09-04,16:37:27.69,3,4,"Bender, Pryce",830146,Right,NEB,"Strohmeyer, Reed",837719,Left,NEB,Undefined,3,Top,1,1,2,Cutter,Cutter,InPlay,Undefined,LineDrive,Out,1,0,,89.22804,-0.879046,-3.631274,2334.510949,201.009143,12:45,5.60133,3.05162,6.4224,-25.35013,8.72028,2.98736,2.67907,-0.04193,82.64579,-5.613726,-3.091318,0.420107,97.69591,22.506603,24.538844,2053.382713,97.64474,37.60537,50.64935,315.81486,270.78381,33.41689,3.5018,-2.46606,5.06339,-2.7937,50,5.52678,8.11609,-129.65372,-2.76979,-4.24674,24.14435,-23.45461,NEB,NEB,UNebraska,TeamExclusive,Team,20260904-UNebraska-Private-3,d38c85d0-a8a8-11f1-8243-4f0324f7f614,89.72101,45.06097,,6.58225,,,,2.43199,2.82603,0.00748,3a45c290-6ade-4fcd-816b-cea7ae13fb8f,2026-09-04,21:37:27.69,2026-09-04T16:37:27.6903936-05:00,2026-09-04T21:37:27.6903936Z,LineDrive,v3,4865,4865,,"Fikes, Trey",10277361,Right,NEB,360d6f24-eb62-4620-841c-e313e35c37de,54.07992,-130.41127,12.07218,5.60215,-2.03387,-11.72731,-3.05045,8.24934,-2.12337,240.878978,2.43157,120.43214,-22.83787,5.38988,-1.41843,0.39848,-0.10397,0.01698,-0.00117,2.82631,54.83946,-19.92986,1.4943,-0.01586,-0.09906,0.04145,-0.0072,0.00044,0.00721,54.98535,1.15383,-1.93228,0.59304,-0.08478,-0.00483,0.00364,-0.00039,,,,,,,,,,,,,,,,,,,,,,,High,High,High,High,Medium,,,
66,2026-09-04,16:38:09.98,4,1,"Bender, Pryce",830146,Right,NEB,"Myrow, Dylan",10138181,Right,NEB,Undefined,3,Top,2,0,0,Cutter,Cutter,StrikeSwinging,Undefined,Undefined,Undefined,0,0,,88.01024,-0.514454,-3.3942,2389.607515,185.281857,12:15,5.54042,3.22895,6.38054,-24.14411,10.68197,0.90555,3.05428,0.17819,82.00711,-5.02138,-3.230652,0.42474,,,,,,,,,,,,-1.22878,5.98839,-2.98456,50,5.49187,7.55512,-127.9674,-1.88013,-2.07748,21.55733,-22.04958,NEB,NEB,UNebraska,TeamExclusive,Team,20260904-UNebraska-Private-3,ecc8f100-a8a8-11f1-8243-4f0324f7f614,88.74229,,,6.00313,,,,,,,3a45c290-6ade-4fcd-816b-cea7ae13fb8f,2026-09-04,21:38:09.98,2026-09-04T16:38:09.9848704-05:00,2026-09-04T21:38:09.9848704Z,,v3,4865,4865,,"Fikes, Trey",10277361,Right,NEB,f7d1fd79-afc5-4075-9a80-21f0275da846,54.12075,-128.6597,10.77867,5.54088,-1.17201,-11.02479,-3.22826,7.62183,-1.03874,,,,,,,,,,,,,,,,,,,,,,,,,,,,,,,,,,,,,,,,,,,,,,,,,,,High,High,High,,,,,
67,2026-09-04,16:38:34.37,4,2,"Bender, Pryce",830146,Right,NEB,"Myrow, Dylan",10138181,Right,NEB,Undefined,3,Top,2,0,1,Knuckleball,Curveball,StrikeSwinging,Undefined,Undefined,Undefined,0,0,,73.98448,1.801414,-2.112303,2386.812125,308.674386,4:15,5.71301,2.86299,6.75842,-54.06212,-3.85024,7.06386,2.85487,1.52143,66.96633,-8.339193,-0.823128,0.510005,,,,,,,,,,,,-4.41847,-2.05177,-2.72693,50,5.81169,3.73517,-107.40947,1.97113,-5.06375,21.89817,-34.52545,NEB,NEB,UNebraska,TeamExclusive,Team,20260904-UNebraska-Private-3,fb5638e0-a8a8-11f1-8243-4f0324f7f614,73.906,,,7.01815,,,,,,,3a45c290-6ade-4fcd-816b-cea7ae13fb8f,2026-09-04,21:38:34.37,2026-09-04T16:38:34.3723008-05:00,2026-09-04T21:38:34.3723008Z,,v3,4865,4865,,"Fikes, Trey",10277361,Right,NEB,a13a8965-6f7a-44c4-a138-3c5e14e24f96,53.74105,-108.16949,10.94908,5.72248,3.1694,-17.26273,-2.85961,3.91092,-2.53187,,,,,,,,,,,,,,,,,,,,,,,,,,,,,,,,,,,,,,,,,,,,,,,,,,,High,High,High,,,,,
68,2026-09-04,16:38:56.76,4,3,"Bender, Pryce",830146,Right,NEB,"Myrow, Dylan",10138181,Right,NEB,Undefined,3,Top,2,0,2,Cutter,Slider,BallCalled,Undefined,Undefined,Undefined,0,0,,85.70033,-2.191981,-5.69365,2536.508218,184.854692,12:15,5.699,2.98059,6.03037,-32.28848,5.80146,0.39461,0.96727,-2.27676,79.07335,-8.121442,-5.623197,0.444198,,,,,,,,,,,,-1.74004,3.94036,-2.5344,50,5.50925,12.33751,-123.8997,-5.81592,-2.71327,24.03156,-26.0298,NEB,NEB,UNebraska,TeamExclusive,Team,20260904-UNebraska-Private-3,08ad98d0-a8a9-11f1-8243-4f0324f7f614,84.85504,,,6.62698,,,,,,,3a45c290-6ade-4fcd-816b-cea7ae13fb8f,2026-09-04,21:38:56.76,2026-09-04T16:38:56.7619072-05:00,2026-09-04T21:38:56.7619072Z,,v3,4865,4865,,"Fikes, Trey",10277361,Right,NEB,ecf760f3-ecae-427d-b9b1-00f1c9636542,54.46992,-124.76367,12.01578,5.70152,-4.88011,-13.0149,-2.9797,12.43505,-1.35664,,,,,,,,,,,,,,,,,,,,,,,,,,,,,,,,,,,,,,,,,,,,,,,,,,,High,High,High,,,,,
69,2026-09-04,16:39:39.08,4,4,"Bender, Pryce",830146,Right,NEB,"Myrow, Dylan",10138181,Right,NEB,Undefined,3,Top,2,1,2,Cutter,Slider,FoulBallNotFieldable,Undefined,Undefined,Undefined,0,0,,87.47869,-1.525467,-4.165223,2512.183652,159.710978,11:15,5.49568,3.18968,6.10241,-28.42442,7.34898,-2.37496,1.71211,-0.86715,81.64493,-6.759173,-4.591331,0.430478,,,,,,,,,,,,0.27354,4.48311,-2.86773,50,5.3632,9.34255,-126.95868,-4.3256,0.45475,21.47219,-24.7211,NEB,NEB,UNebraska,TeamExclusive,Team,20260904-UNebraska-Private-3,21e0dc40-a8a9-11f1-8243-4f0324f7f614,87.5594,,,5.83375,,,,,,,3a45c290-6ade-4fcd-816b-cea7ae13fb8f,2026-09-04,21:39:39.08,2026-09-04T16:39:39.0888960-05:00,2026-09-04T21:39:39.0888960Z,,v3,4865,4865,,"Fikes, Trey",10277361,Right,NEB,4f765953-3ec0-481c-b1ee-7caf36992b5b,54.39717,-127.7002,10.73609,5.49784,-3.47188,-12.36055,-3.1901,9.32684,0.22738,,,,,,,,,,,,,,,,,,,,,,,,,,,,,,,,,,,,,,,,,,,,,,,,,,,High,High,High,,,,,
70,2026-09-04,16:40:06.76,4,5,"Bender, Pryce",830146,Right,NEB,"Myrow, Dylan",10138181,Right,NEB,Undefined,3,Top,2,1,2,Cutter,Slider,StrikeSwinging,Strikeout,Undefined,Undefined,0,0,,83.54951,-0.251648,-3.985785,2432.639507,150.972277,11:00,5.77148,3.1467,6.03691,-33.6573,5.94327,-2.67599,2.73312,-0.77299,77.31533,-6.461553,-4.465386,0.45292,,,,,,,,,,,,0.36732,3.49799,-2.83378,50,5.73363,8.55084,-121.23458,-1.60772,0.55161,21.6955,-26.92091,NEB,NEB,UNebraska,TeamExclusive,Team,20260904-UNebraska-Private-3,32638b80-a8a9-11f1-8243-4f0324f7f614,83.22088,,,6.23418,,,,,,,3a45c290-6ade-4fcd-816b-cea7ae13fb8f,2026-09-04,21:40:06.76,2026-09-04T16:40:06.7619840-05:00,2026-09-04T21:40:06.7619840Z,,v3,4865,4865,,"Fikes, Trey",10277361,Right,NEB,15c9758b-de2c-4e0b-b0be-9aeb67cdb74f,54.46318,-122.03067,10.84775,5.77449,-0.61989,-13.46046,-3.14717,8.5306,0.2758,,,,,,,,,,,,,,,,,,,,,,,,,,,,,,,,,,,,,,,,,,,,,,,,,,,High,High,High,,,,,
71,2026-09-04,16:42:54.97,1,1,"Sullivan, Drew",1000594815,Right,NEB,"Ness, Tyler",1000594783,Left,NEB,Undefined,3,Bottom,0,0,0,Fastball,Sinker,BallCalled,Undefined,Undefined,Undefined,0,0,,91.79668,-2.358651,-1.36715,1879.228605,226.844578,1:30,6.33208,1.61088,6.58619,-20.83312,11.16371,10.92997,2.43272,1.26864,84.89659,-6.280936,0.621715,0.407122,,,,,,,,,,,,-6.07855,6.75855,-1.52137,50,6.16158,2.75804,-133.50483,-6.11538,-11.07572,26.16472,-19.85928,NEB,NEB,UNebraska,TeamExclusive,Team,20260904-UNebraska-Private-3,96a4acf0-a8a9-11f1-8243-4f0324f7f614,92.58264,,,6.90009,,,,,,,3a45c290-6ade-4fcd-816b-cea7ae13fb8f,2026-09-04,21:42:54.97,2026-09-04T16:42:54.9736448-05:00,2026-09-04T21:42:54.9736448Z,,v3,4865,4865,,"Worthley, Jeter",828636,Right,NEB,185d5237-74f4-4cad-8b0e-4021aef3609e,53.91468,-134.26985,13.08236,6.3319,-5.53472,-9.92964,-1.60674,3.08188,-5.53786,,,,,,,,,,,,,,,,,,,,,,,,,,,,,,,,,,,,,,,,,,,,,,,,,,,High,High,High,,,,,
72,2026-09-04,16:43:10.43,1,2,"Sullivan, Drew",1000594815,Right,NEB,"Ness, Tyler",1000594783,Left,NEB,Undefined,3,Bottom,0,1,0,Fastball,Sinker,InPlay,Undefined,LineDrive,Single,0,0,,91.4273,-1.719049,-2.0813,2024.900057,226.7651,1:30,6.34919,1.68384,6.51987,-22.15856,10.19678,9.85516,2.92383,0.59458,84.4436,-5.885015,-0.291422,0.409397,95.81312,12.770775,-12.385299,2392.66035,105.37374,18.81652,-31.56301,250.90411,250.22723,-21.242713,2.337807,-5.72677,6.07945,-1.54302,50,6.21965,4.45302,-132.96833,-4.66197,-10.34064,26.22579,-21.1966,NEB,NEB,UNebraska,TeamExclusive,Team,20260904-UNebraska-Private-3,9fd01670-a8a9-11f1-8243-4f0324f7f614,92.06828,19.31927,,6.9837,,,,0.70296,2.88252,-0.59551,3a45c290-6ade-4fcd-816b-cea7ae13fb8f,2026-09-04,21:43:10.43,2026-09-04T16:43:10.4317952-05:00,2026-09-04T21:43:10.4317952Z,LineDrive,v3,4865,4865,,"Worthley, Jeter",828636,Right,NEB,eb7e6e70-f9e0-4802-bffe-29c2c3f74f90,53.982,-133.75141,13.11289,6.3494,-4.02906,-10.5983,-1.68059,4.76178,-5.17032,113.673518,0.70296,133.8599,-21.73434,4.50442,-0.85713,0.13575,-0.02019,0.00269,-0.00018,2.88252,31.06338,-15.31934,0.53149,0.10328,-0.04587,0.01323,-0.0018,9E-05,-0.59551,-29.39514,-8.43772,3.45166,-1.05138,0.2589,-0.05292,0.00742,-0.0005,,,,,,,,,,,,,,,,,,,,,,,High,High,High,High,High,,,
73,2026-09-04,16:43:41.68,2,1,"Sullivan, Drew",1000594815,Right,NEB,"Kardokus, Cooper",1000594811,Left,NEB,Undefined,3,Bottom,0,0,0,Fastball,Four-Seam,BallCalled,Undefined,Undefined,Undefined,0,0,,92.40912,-3.338088,-2.41912,2081.663079,224.801681,1:30,6.37716,1.85219,6.35029,-19.57454,12.27638,11.30327,1.66701,0.566,85.7269,-7.002256,-0.373094,0.406193,,,,,,,,,,,,-6.48504,7.49619,-1.68164,50,6.12504,5.21568,-134.20643,-8.43752,-11.98307,25.46994,-18.3226,NEB,NEB,UNebraska,TeamExclusive,Team,20260904-UNebraska-Private-3,b2783dc0-a8a9-11f1-8243-4f0324f7f614,92.79443,,,6.68222,,,,,,,3a45c290-6ade-4fcd-816b-cea7ae13fb8f,2026-09-04,21:43:41.68,2026-09-04T16:43:41.6884224-05:00,2026-09-04T21:43:41.6884224Z,,v3,4865,4865,,"Worthley, Jeter",828636,Right,NEB,1c34bd4d-a9e4-4790-9801-07428f5d17b3,54.15145,-134.992,12.73497,6.37657,-7.8724,-9.1613,-1.84821,5.58528,-5.99154,,,,,,,,,,,,,,,,,,,,,,,,,,,,,,,,,,,,,,,,,,,,,,,,,,,High,High,High,,,,,
74,2026-09-04,16:43:58.81,2,2,"Sullivan, Drew",1000594815,Right,NEB,"Kardokus, Cooper",1000594811,Left,NEB,Undefined,3,Bottom,0,1,0,Curveball,Curveball,StrikeCalled,Undefined,Undefined,Undefined,0,0,,78.78378,1.872942,-0.780261,1812.802422,32.063608,7:00,6.22547,1.71313,6.04196,-55.6355,-10.69292,-7.59717,3.32408,0.35756,72.14572,-8.354518,-2.149547,0.482503,,,,,,,,,,,,3.66268,-5.57048,-1.64836,50,6.34206,1.84112,-114.46909,1.95406,4.82795,22.4207,-39.5168,NEB,NEB,UNebraska,TeamExclusive,Team,20260904-UNebraska-Private-3,bcbb58d0-a8a9-11f1-8243-4f0324f7f614,78.11849,,,6.63806,,,,,,,3a45c290-6ade-4fcd-816b-cea7ae13fb8f,2026-09-04,21:43:58.81,2026-09-04T16:43:58.8130816-05:00,2026-09-04T21:43:58.8130816Z,,v3,4865,4865,,"Worthley, Jeter",828636,Right,NEB,42148ff2-db88-435c-99a4-4da43671bb5c,54.46064,-115.33948,11.21035,6.23643,3.48812,-19.7584,-1.7162,1.65369,2.41397,,,,,,,,,,,,,,,,,,,,,,,,,,,,,,,,,,,,,,,,,,,,,,,,,,,High,High,High,,,,,
75,2026-09-04,16:44:15.45,2,3,"Sullivan, Drew",1000594815,Right,NEB,"Kardokus, Cooper",1000594811,Left,NEB,Undefined,3,Bottom,0,1,1,Slider,Slider,BallCalled,Undefined,Undefined,Undefined,0,0,,80.55828,-1.651053,-1.8873,2240.567444,82.458516,8:45,6.17776,1.74094,6.02234,-42.45502,0.77646,-5.07548,1.10934,-0.43072,73.77024,-9.459683,-2.802064,0.473229,,,,,,,,,,,,2.04394,1.31524,-1.59036,50,6.02537,4.03992,-116.90243,-4.70389,2.79947,24.14997,-30.37266,NEB,NEB,UNebraska,TeamExclusive,Team,20260904-UNebraska-Private-3,c69c0890-a8a9-11f1-8243-4f0324f7f614,79.64943,,,6.78804,,,,,,,3a45c290-6ade-4fcd-816b-cea7ae13fb8f,2026-09-04,21:44:15.45,2026-09-04T16:44:15.4512384-05:00,2026-09-04T21:44:15.4512384Z,,v3,4865,4865,,"Worthley, Jeter",828636,Right,NEB,ad1df132-1f9d-4f8a-9c94-770857f6dd70,54.47791,-117.82386,12.07498,6.18274,-3.54505,-15.18633,-1.74246,3.93311,1.39973,,,,,,,,,,,,,,,,,,,,,,,,,,,,,,,,,,,,,,,,,,,,,,,,,,,High,High,High,,,,,
76,2026-09-04,16:44:33.48,2,4,"Sullivan, Drew",1000594815,Right,NEB,"Kardokus, Cooper",1000594811,Left,NEB,Undefined,3,Bottom,0,2,1,Fastball,Four-Seam,BallCalled,Undefined,Undefined,Undefined,0,0,,92.31562,-1.967073,-2.199872,2035.375869,199.40989,12:45,6.40714,1.62603,5.96024,-14.89674,17.63391,5.86941,3.33959,0.07419,84.86528,-4.799271,-1.146116,0.410504,,,,,,,,,,,,-3.5704,9.85359,-1.45454,50,6.24235,4.89411,-134.04899,-5.0426,-6.54164,27.09435,-14.12047,NEB,NEB,UNebraska,TeamExclusive,Team,20260904-UNebraska-Private-3,d157af00-a8a9-11f1-8243-4f0324f7f614,91.81984,,,7.45034,,,,,,,3a45c290-6ade-4fcd-816b-cea7ae13fb8f,2026-09-04,21:44:33.48,2026-09-04T16:44:33.4841856-05:00,2026-09-04T21:44:33.4841856Z,,v3,4865,4865,,"Worthley, Jeter",828636,Right,NEB,58462640-ada8-4cbc-9008-187dcb43bf1f,54.53923,-134.96336,13.54718,6.40449,-4.56607,-7.06023,-1.62343,5.11487,-3.27082,,,,,,,,,,,,,,,,,,,,,,,,,,,,,,,,,,,,,,,,,,,,,,,,,,,High,High,High,,,,,
77,2026-09-04,16:44:52.95,2,5,"Sullivan, Drew",1000594815,Right,NEB,"Kardokus, Cooper",1000594811,Left,NEB,Undefined,3,Bottom,0,3,1,Slider,Slider,InPlay,Undefined,FlyBall,Out,1,0,,81.41729,-0.406351,-1.056827,2176.862523,74.98338,8:30,6.22859,1.80043,6.02466,-42.3679,-0.39055,-6.37241,2.32151,0.29047,74.81007,-8.210714,-2.205229,0.466314,90.73789,30.199809,10.463403,3511.395434,108.49361,59.36089,18.1421,355.86808,298.35713,6.562533,5.106115,2.99949,0.26791,-1.71421,50,6.17361,2.41883,-118.32817,-2.18681,4.23779,23.31684,-31.79556,NEB,NEB,UNebraska,TeamExclusive,Team,20260904-UNebraska-Private-3,dcf773e0-a8a9-11f1-8243-4f0324f7f614,80.83052,82.03499,,6.60722,,,,2.74159,2.50436,-0.33032,3a45c290-6ade-4fcd-816b-cea7ae13fb8f,2026-09-04,21:44:52.95,2026-09-04T16:44:52.9557504-05:00,2026-09-04T21:44:52.9557504Z,FlyBall,v3,4865,4865,,"Worthley, Jeter",828636,Right,NEB,1c4fd0ac-4d6c-4aa6-ba11-9afbdc2e533d,54.47693,-119.20709,11.65842,6.23345,-0.98828,-15.89778,-1.80237,2.25908,2.11889,176.777448,2.74309,113.07187,-21.08981,4.78672,-0.73025,0.05096,0.00367,-0.00086,4E-05,2.50436,66.94361,-14.58835,0.08134,0.10795,-0.04817,0.0156,-0.00247,0.00014,-0.32966,20.87724,-4.62965,0.75997,-0.11571,0.02038,-0.00478,0.00074,-5E-05,,,,,,,,,,,,,,,,,,,,,,,High,High,High,High,Medium,,,
78,2026-09-04,16:45:30.65,3,1,"Sullivan, Drew",1000594815,Right,NEB,"Jindra, Brody",842004,Right,NEB,Undefined,3,Bottom,1,0,0,Fastball,Four-Seam,BallCalled,Undefined,Undefined,Undefined,0,0,,91.35625,-0.548562,-2.163721,1994.342163,203.825495,12:45,6.44749,1.71062,5.98942,-17.07509,16.06438,6.66134,4.51578,0.25944,83.92495,-3.782776,-0.967154,0.414328,,,,,,,,,,,,-3.95792,8.68611,-1.54342,50,6.39459,4.72652,-132.72956,-1.78592,-7.11159,26.4867,-16.56674,NEB,NEB,UNebraska,TeamExclusive,Team,20260904-UNebraska-Private-3,f36b9750-a8a9-11f1-8243-4f0324f7f614,90.97252,,,7.4313,,,,,,,3a45c290-6ade-4fcd-816b-cea7ae13fb8f,2026-09-04,21:45:30.65,2026-09-04T16:45:30.6532864-05:00,2026-09-04T21:45:30.6532864Z,,v3,4865,4865,,"Worthley, Jeter",828636,Right,NEB,7b59bdd9-38b9-4707-a14c-969f5cb26a28,54.50954,-133.62643,13.24335,6.44556,-1.22495,-8.28337,-1.70754,4.96733,-3.55579,,,,,,,,,,,,,,,,,,,,,,,,,,,,,,,,,,,,,,,,,,,,,,,,,,,High,High,High,,,,,
79,2026-09-04,16:45:48.55,3,2,"Sullivan, Drew",1000594815,Right,NEB,"Jindra, Brody",842004,Right,NEB,Undefined,3,Bottom,1,1,0,Fastball,Four-Seam,FoulBallNotFieldable,Undefined,Undefined,Undefined,0,0,,91.90636,-2.341691,-2.553623,2075.718406,205.301575,12:45,6.35723,1.74967,6.09614,-15.12217,17.42292,7.79272,2.92778,0.03556,84.85762,-5.211471,-1.151336,0.410596,66.42287,45.194742,137.724901,5867.032271,-90.88974,55.54737,61.95979,196.3598,69.31163,148.621967,3.48971,-4.66599,9.87965,-1.55702,50,6.16853,5.63026,-133.49112,-5.90345,-8.51102,25.81118,-14.15299,NEB,NEB,UNebraska,TeamExclusive,Team,20260904-UNebraska-Private-3,fe19a930-a8a9-11f1-8243-4f0324f7f614,91.79944,56.04262,,7.04875,,,,0.48272,2.82202,-0.04308,3a45c290-6ade-4fcd-816b-cea7ae13fb8f,2026-09-04,21:45:48.55,2026-09-04T16:45:48.5596160-05:00,2026-09-04T21:45:48.5596160Z,Popup,v3,4865,4865,,"Worthley, Jeter",828636,Right,NEB,d22e05fb-dd51-408d-b148-86c6221fc140,54.40505,-134.34016,12.90559,6.35506,-5.43789,-7.0765,-1.74683,5.91023,-4.25551,314.796729,0.48169,-50.76292,-1.34705,1.9208,-1.14247,0.55256,-0.18152,0.03325,-0.00248,2.82302,69.08654,-25.78569,2.35705,0.16138,-0.37582,0.15516,-0.03041,0.00236,-0.0443,46.22034,-10.97366,3.79865,-1.35565,0.50709,-0.13906,0.0197,-0.00096,,,,,,,,,,,,,,,,,,,,,,,High,High,High,High,Low,,,
80,2026-09-04,16:46:09.78,3,3,"Sullivan, Drew",1000594815,Right,NEB,"Jindra, Brody",842004,Right,NEB,Undefined,3,Bottom,1,1,1,Slider,Curveball,BallCalled,Undefined,Undefined,Undefined,0,0,,81.8057,-0.344737,-2.532574,2004.134525,33.254475,7:00,6.16487,1.703,6.00551,-46.25144,-4.25323,-3.71457,1.99086,-0.95455,74.70269,-8.847517,-3.201058,0.46643,,,,,,,,,,,,1.11543,-1.61347,-1.5019,50,6.11292,5.3937,-118.69416,-2.23831,1.57344,25.09696,-34.44999,NEB,NEB,UNebraska,TeamExclusive,Team,20260904-UNebraska-Private-3,0acc8bc0-a8aa-11f1-8243-4f0324f7f614,80.81042,,,7.10301,,,,,,,3a45c290-6ade-4fcd-816b-cea7ae13fb8f,2026-09-04,21:46:09.78,2026-09-04T16:46:09.7861632-05:00,2026-09-04T21:46:09.7861632Z,,v3,4865,4865,,"Worthley, Jeter",828636,Right,NEB,90b7e139-cf10-4f1e-881d-034809247a68,54.49419,-119.64065,12.54848,6.17283,-0.93909,-17.22499,-1.7042,5.33436,0.78672,,,,,,,,,,,,,,,,,,,,,,,,,,,,,,,,,,,,,,,,,,,,,,,,,,,High,High,High,,,,,
81,2026-09-04,16:46:29.75,3,4,"Sullivan, Drew",1000594815,Right,NEB,"Jindra, Brody",842004,Right,NEB,Undefined,3,Bottom,1,2,1,ChangeUp,Slider,InPlay,Undefined,FlyBall,Out,1,0,,78.7529,-0.445943,-1.363074,1858.255987,144.517304,10:45,6.21182,1.69591,5.91561,-40.98683,4.61788,-2.13843,2.38225,0.25242,71.48174,-8.038963,-1.747462,0.486045,93.58696,47.042401,-10.716031,3847.232182,109.06235,110.80174,-14.32917,304.27044,303.94492,-5.1079,6.056609,0.65768,2.97906,-1.58542,50,6.15294,2.79839,-114.24683,-2.15014,0.85606,24.02757,-28.29642,NEB,NEB,UNebraska,TeamExclusive,Team,20260904-UNebraska-Private-3,16ad0320-a8aa-11f1-8243-4f0324f7f614,77.54933,135.59486,,7.27116,,,,1.43722,2.52273,-0.25396,3a45c290-6ade-4fcd-816b-cea7ae13fb8f,2026-09-04,21:46:29.75,2026-09-04T16:46:29.7511936-05:00,2026-09-04T21:46:29.7511936Z,FlyBall,v3,4865,4865,,"Worthley, Jeter",828636,Right,NEB,9390bb82-269e-4fa6-a9ff-02eec4c78075,54.58268,-115.2066,12.01379,6.21626,-1.01986,-14.14821,-1.69652,2.76419,0.42803,193.39854,1.44357,91.7823,-22.10411,5.79192,-0.90266,0.03073,0.01674,-0.00281,0.00014,2.51462,100.58638,-22.61674,1.74247,-0.1807,-0.01313,0.01444,-0.00285,0.00018,-0.25432,-17.37766,8.62387,-2.87214,0.63636,-0.08724,0.0048,0.00023,-3E-05,,,,,,,,,,,,,,,,,,,,,,,High,High,High,High,Medium,,,
82,2026-09-04,16:47:03.51,4,1,"Sullivan, Drew",1000594815,Right,NEB,"Reeder, Wyatt",1000430942,Left,NEB,Undefined,3,Bottom,2,0,0,Fastball,Four-Seam,InPlay,Undefined,LineDrive,Single,0,0,,92.68403,-3.378832,-2.528795,1998.689363,211.339074,1:00,6.32621,1.86812,6.00241,-16.61757,16.23257,9.17245,1.80399,0.28785,83.94784,-6.542806,-0.880436,0.412515,94.84291,7.830013,-18.727556,4129.508852,101.1971,7.97162,-43.11761,173.21942,170.19853,-25.586342,1.550005,-5.50233,9.73784,-1.67416,50,6.05092,5.52814,-134.19773,-8.42567,-9.92184,32.07475,-14.61473,NEB,NEB,UNebraska,TeamExclusive,Team,20260904-UNebraska-Private-3,2ac61f90-a8aa-11f1-8243-4f0324f7f614,91.37228,8.40495,,8.73619,,,,0.49681,1.6734,-0.27198,3a45c290-6ade-4fcd-816b-cea7ae13fb8f,2026-09-04,21:47:03.51,2026-09-04T16:47:03.5164160-05:00,2026-09-04T21:47:03.5164160Z,LineDrive,v3,4865,4865,,"Worthley, Jeter",828636,Right,NEB,6301dec6-558f-46e4-9331-204a9b2b818e,54.49606,-135.26807,16.03738,6.32394,-7.93797,-7.30736,-1.86416,5.85924,-4.96092,113.657312,0.49681,130.5098,-25.08044,4.85118,-0.95938,0.16521,-0.02706,0.00374,-0.00029,1.6734,18.95059,-13.66978,0.4385,0.05137,-0.02499,0.00853,-0.00156,0.00013,-0.27198,-44.24511,-5.33237,2.8449,-0.92738,0.24895,-0.05755,0.01,-0.00092,,,,,,,,,,,,,,,,,,,,,,,High,High,High,High,High,,,
83,2026-09-04,16:47:50.74,5,1,"Sullivan, Drew",1000594815,Right,NEB,"Jesske, Will",822405,Right,NEB,Undefined,3,Bottom,2,0,0,Slider,Slider,StrikeSwinging,Undefined,Undefined,Undefined,0,0,,79.66159,-1.078732,-1.897749,1961.947448,91.114438,9:00,6.17421,1.85052,5.89225,-42.98719,1.71599,-6.50473,1.58968,-0.45423,72.41512,-8.999341,-3.066576,0.481217,,,,,,,,,,,,2.6961,1.73787,-1.69395,50,6.06303,4.07721,-115.49841,-3.54541,3.58261,24.77946,-29.86474,NEB,NEB,UNebraska,TeamExclusive,Team,20260904-UNebraska-Private-3,46f67660-a8aa-11f1-8243-4f0324f7f614,78.3274,,,7.24647,,,,,,,3a45c290-6ade-4fcd-816b-cea7ae13fb8f,2026-09-04,21:47:50.74,2026-09-04T16:47:50.7435008-05:00,2026-09-04T21:47:50.7435008Z,,v3,4865,4865,,"Worthley, Jeter",828636,Right,NEB,180ba0a0-c210-47b7-bc43-a9330b28cd80,54.60542,-116.48228,12.38973,6.18026,-2.35963,-14.93237,-1.85302,3.93496,1.7913,,,,,,,,,,,,,,,,,,,,,,,,,,,,,,,,,,,,,,,,,,,,,,,,,,,High,High,High,,,,,
84,2026-09-04,16:48:13.77,5,2,"Sullivan, Drew",1000594815,Right,NEB,"Jesske, Will",822405,Right,NEB,Undefined,3,Bottom,2,0,1,Slider,Curveball,InPlay,Undefined,LineDrive,Single,0,1,,79.9712,0.014365,-2.452889,2135.356438,48.845968,7:45,6.20746,1.78216,5.86205,-50.08648,-5.85118,-8.4,2.04695,-1.19803,73.04154,-9.15959,-3.960362,0.478692,76.82286,10.007452,20.047961,3825.273424,100.56848,9.03225,44.56432,161.95,151.79449,25.683983,1.777093,3.53075,-2.57059,-1.57822,50,6.17957,5.28882,-116.0266,-1.61283,4.75067,24.33768,-35.63281,NEB,NEB,UNebraska,TeamExclusive,Team,20260904-UNebraska-Private-3,54adf7b0-a8aa-11f1-8243-4f0324f7f614,78.74051,10.03521,,6.92966,,,,1.36887,2.11047,1.19648,3a45c290-6ade-4fcd-816b-cea7ae13fb8f,2026-09-04,21:48:13.77,2026-09-04T16:48:13.7715712-05:00,2026-09-04T21:48:13.7715712Z,LineDrive,v3,4865,4865,,"Worthley, Jeter",828636,Right,NEB,50c14cab-517e-4dc1-9315-348a0ba54a10,54.63898,-116.99562,12.16884,6.21554,-0.19408,-17.8164,-1.78503,5.09967,2.37533,226.510914,1.36887,104.23593,-16.49701,2.73857,-0.51311,0.08278,-0.0099,0.00055,4E-05,2.11047,19.57944,-12.43433,0.42817,-0.0197,0.01522,-0.00635,0.00208,-0.00029,1.19648,38.03672,1.1274,-0.61753,0.17551,-0.02633,-0.00215,0.00222,-0.00036,,,,,,,,,,,,,,,,,,,,,,,High,High,High,High,High,,,
85,2026-09-04,16:48:52.48,6,1,"Sullivan, Drew",1000594815,Right,NEB,"Huenfeld, Cru",1000594801,Left,NEB,Undefined,3,Bottom,2,0,0,Fastball,Four-Seam,InPlay,Undefined,FlyBall,Out,1,0,,91.20442,-1.464361,-2.737734,2047.515434,209.81703,1:00,6.35709,1.59071,6.01125,-15.59091,17.86151,9.62835,3.69939,-0.14515,83.33971,-4.442884,-1.008382,0.41628,82.28962,36.085752,25.34106,3502.69376,97.8706,72.1322,50.21199,289.22525,203.9912,30.072022,5.018714,-5.73359,9.92831,-1.38104,50,6.23351,5.92695,-132.38186,-3.83705,-10.17893,28.15058,-14.54817,NEB,NEB,UNebraska,TeamExclusive,Team,20260904-UNebraska-Private-3,6bb2e970-a8aa-11f1-8243-4f0324f7f614,90.54598,85.54839,,7.86471,,,,1.80172,3.76152,0.13674,3a45c290-6ade-4fcd-816b-cea7ae13fb8f,2026-09-04,21:48:52.48,2026-09-04T16:48:52.4877824-05:00,2026-09-04T21:48:52.4877824Z,FlyBall,v3,4865,4865,,"Worthley, Jeter",828636,Right,NEB,c013ceee-b669-484e-b47c-464aa2cf7853,54.4892,-133.33306,14.07529,6.35486,-3.34547,-7.27408,-1.58712,6.27089,-5.08947,193.242847,1.80386,88.10158,-18.80292,4.27863,-0.5743,0.00461,0.01207,-0.00163,7E-05,3.76132,71.08906,-16.62512,0.56531,0.01151,-0.04634,0.01927,-0.0032,0.00019,0.13752,41.73011,-5.46268,1.03155,-0.11856,0.00147,0.0011,-1E-05,-1E-05,,,,,,,,,,,,,,,,,,,,,,,High,High,High,High,Low,,,
86,2026-09-04,16:52:07.38,1,1,"Hoover, Caleb",1000091549,Right,NEB,"Anthony, Cal",1000594813,Left,NEB,Undefined,4,Top,0,0,0,Fastball,Four-Seam,FoulBallNotFieldable,Undefined,Undefined,Undefined,0,0,,87.16823,-1.906812,-0.211091,2104.133711,191.441587,12:30,6.68099,0.27144,5.97742,-15.7606,20.88304,3.98933,3.59931,0.4082,79.69608,-4.927115,0.506115,0.435683,69.11565,37.171389,-163.046798,2682.414907,,,,,56.51463,,,-2.11831,11.63694,-0.257,50,6.52148,0.30597,-126.60514,-4.63652,-3.43639,25.97259,-13.29608,NEB,NEB,UNebraska,TeamExclusive,Team,20260904-UNebraska-Private-3,dfe79980-a8aa-11f1-8243-4f0324f7f614,86.51344,35.93251,,7.47214,,,,1.59191,3.59943,-0.42016,3a45c290-6ade-4fcd-816b-cea7ae13fb8f,2026-09-04,21:52:07.38,2026-09-04T16:52:07.3892864-05:00,2026-09-04T21:52:07.3892864Z,,v3,4865,4865,,"Fikes, Trey",10277361,Right,NEB,b29e17a2-4dcd-4aff-a2e2-6362afbc0bf8,54.5224,-127.52952,12.9863,6.67807,-4.16331,-6.64804,-0.27007,0.42827,-1.7182,0.271721,1.59191,-77.26433,3.49525,0.29257,0.1084,-0.46901,0.56159,-0.33327,0.08202,3.59943,61.24701,-25.73705,2.62412,0.26302,-1.25476,1.21506,-0.56246,0.09307,-0.42016,-23.55343,0.94683,0.43991,0.46276,-1.05271,1.05951,-0.54173,0.10907,,,,,,,,,,,,,,,,,,,,,,,High,High,High,High,Undefined,,,
87,2026-09-04,16:52:26.82,1,2,"Hoover, Caleb",1000091549,Right,NEB,"Anthony, Cal",1000594813,Left,NEB,Undefined,4,Top,0,0,1,Fastball,Four-Seam,InPlay,Undefined,GroundBall,Error,0,0,,87.62773,-2.610167,0.296755,2090.323189,203.14509,12:45,6.70602,0.14837,5.91913,-18.85942,17.50714,6.98733,2.71039,1.00604,80.28403,-6.167691,1.551908,0.434033,62.38071,-30.543198,26.431102,,,,,5.87921,5.46366,10.755833,0.058564,-3.52256,10.07445,-0.17621,50,6.48617,-0.94186,-127.21086,-6.35856,-5.77034,26.17609,-15.67097,NEB,NEB,UNebraska,TeamExclusive,Team,20260904-UNebraska-Private-3,eb790680-a8aa-11f1-8243-4f0324f7f614,86.8424,2.7366,,7.3437,,,,1.62287,2.7366,-0.9672,3a45c290-6ade-4fcd-816b-cea7ae13fb8f,2026-09-04,21:52:26.82,2026-09-04T16:52:26.8225536-05:00,2026-09-04T21:52:26.8225536Z,GroundBall,v3,4865,4865,,"Fikes, Trey",10277361,Right,NEB,71fd93e4-32ff-4d55-9eac-cd3106a6ede0,54.58111,-128.15005,13.08805,6.70423,-5.79629,-7.83549,-0.14613,-0.73482,-2.88517,180,1.61953,70.91446,,,,,,,,2.73881,-46.72836,,,,,,,,-0.96886,35.25024,,,,,,,,,,,,,,,,,,,,,,,,,,,,,,High,High,High,High,High,,,
88,2026-09-04,16:53:37.55,2,1,"Hoover, Caleb",1000091549,Right,NEB,"Chyr, Brody",1000594790,Left,NEB,Undefined,4,Top,0,0,0,Fastball,Four-Seam,BallCalled,Undefined,Undefined,Undefined,0,0,,85.82873,-1.365481,0.150565,1950.322673,197.057703,12:30,6.61619,0.68852,5.76872,-20.25312,17.7434,5.08189,3.6574,1.25214,78.68997,-5.17825,1.060738,0.443653,,,,,,,,,,,,-2.53815,9.76524,-0.70402,50,6.49098,-0.53931,-124.65486,-3.57808,-4.00462,24.41512,-16.7667,NEB,NEB,UNebraska,TeamExclusive,Team,20260904-UNebraska-Private-3,15ae1440-a8ab-11f1-8243-4f0324f7f614,84.95929,,,7.13876,,,,,,,3a45c290-6ade-4fcd-816b-cea7ae13fb8f,2026-09-04,21:53:37.55,2026-09-04T16:53:37.5522816-05:00,2026-09-04T21:53:37.5522816Z,,v3,4865,4865,,"Fikes, Trey",10277361,Right,NEB,3cfb4a71-4612-4224-9d94-a407ac28b1cd,54.72956,-125.57778,12.20756,6.61426,-2.94428,-8.38335,-0.6865,-0.38793,-2.00231,,,,,,,,,,,,,,,,,,,,,,,,,,,,,,,,,,,,,,,,,,,,,,,,,,,High,High,High,,,,,
89,2026-09-04,16:53:57.60,2,2,"Hoover, Caleb",1000091549,Right,NEB,"Chyr, Brody",1000594790,Left,NEB,Undefined,4,Top,0,1,0,Fastball,Four-Seam,BallCalled,Undefined,Undefined,Undefined,0,0,,85.70775,-0.744886,-0.350501,2107.957843,188.385814,12:15,6.63948,0.71267,5.7667,-18.11347,19.94824,2.76839,4.43671,0.61716,78.53629,-4.181411,0.145191,0.444033,,,,,,,,,,,,-1.49102,10.69083,-0.68529,50,6.56676,0.64475,-124.49508,-2.13096,-2.34953,24.04865,-15.32769,NEB,NEB,UNebraska,TeamExclusive,Team,20260904-UNebraska-Private-3,219c9560-a8ab-11f1-8243-4f0324f7f614,84.8865,,,7.17146,,,,,,,3a45c290-6ade-4fcd-816b-cea7ae13fb8f,2026-09-04,21:53:57.60,2026-09-04T16:53:57.6025600-05:00,2026-09-04T21:53:57.6025600Z,,v3,4865,4865,,"Fikes, Trey",10277361,Right,NEB,c16293c8-2100-4e09-b69d-86e25cfb435a,54.73059,-125.40556,12.02433,6.63645,-1.55066,-7.66385,-0.71138,0.73371,-1.17476,,,,,,,,,,,,,,,,,,,,,,,,,,,,,,,,,,,,,,,,,,,,,,,,,,,High,High,High,,,,,
90,2026-09-04,16:54:20.54,2,3,"Hoover, Caleb",1000091549,Right,NEB,"Chyr, Brody",1000594790,Left,NEB,Undefined,4,Top,0,2,0,Curveball,Curveball,BallCalled,Undefined,Undefined,Undefined,0,0,,71.11603,1.598788,-1.195908,2101.583575,33.496145,7:00,6.44504,0.66666,5.4163,-65.13232,-9.32406,-7.20906,2.51582,-1.05459,66.23072,-10.176382,-2.480903,0.537676,,,,,,,,,,,,3.30807,-4.56551,-0.55526,50,6.54168,2.41529,-103.37143,0.83238,3.6033,16.15637,-37.147,NEB,NEB,UNebraska,TeamExclusive,Team,20260904-UNebraska-Private-3,2f54da00-a8ab-11f1-8243-4f0324f7f614,70.10254,,,4.88531,,,,,,,3a45c290-6ade-4fcd-816b-cea7ae13fb8f,2026-09-04,21:54:20.54,2026-09-04T16:54:20.5403648-05:00,2026-09-04T21:54:20.5403648Z,,v3,4865,4865,,"Fikes, Trey",10277361,Right,NEB,9e066f61-4b88-4f68-a301-6486363d8f89,55.08823,-104.16365,8.07819,6.4562,2.65388,-18.5735,-0.66936,2.2386,1.80165,,,,,,,,,,,,,,,,,,,,,,,,,,,,,,,,,,,,,,,,,,,,,,,,,,,High,High,High,,,,,
91,2026-09-04,16:54:41.07,2,4,"Hoover, Caleb",1000091549,Right,NEB,"Chyr, Brody",1000594790,Left,NEB,Undefined,4,Top,0,3,0,Fastball,Four-Seam,BallCalled,Walk,Undefined,Undefined,0,0,,86.77928,-3.327317,-0.5032,2067.398191,201.016543,12:45,6.62885,0.73566,5.86238,-18.21052,18.82048,6.79256,2.01657,0.83421,79.90383,-6.752668,0.715836,0.43798,,,,,,,,,,,,-3.5926,10.84406,-0.69874,50,6.34807,0.82464,-125.91721,-7.85017,-5.80103,24.19243,-14.6639,NEB,NEB,UNebraska,TeamExclusive,Team,20260904-UNebraska-Private-3,3b845bc0-a8ab-11f1-8243-4f0324f7f614,86.05972,,,6.87545,,,,,,,3a45c290-6ade-4fcd-816b-cea7ae13fb8f,2026-09-04,21:54:41.07,2026-09-04T16:54:41.0766336-05:00,2026-09-04T21:54:41.0766336Z,,v3,4865,4865,,"Fikes, Trey",10277361,Right,NEB,9df0f939-b0be-4f27-b184-805d2eda378f,54.63654,-126.8049,12.09622,6.62624,-7.31211,-7.33195,-0.73291,1.03749,-2.90052,,,,,,,,,,,,,,,,,,,,,,,,,,,,,,,,,,,,,,,,,,,,,,,,,,,High,High,High,,,,,
92,2026-09-04,16:55:37.80,3,1,"Hoover, Caleb",1000091549,Right,NEB,"Worthley, Jeter",828636,Right,NEB,Undefined,4,Top,0,0,0,Fastball,Four-Seam,BallCalled,Undefined,Undefined,Undefined,0,0,,87.07976,-3.89959,-2.561053,2045.517289,208.267132,1:00,6.71019,0.44029,6.04015,-20.48025,16.03828,8.03548,1.38362,-1.26298,80.50777,-7.723884,-1.115572,0.434939,,,,,,,,,,,,-4.77843,9.59296,-0.24469,50,6.39413,5.324,-126.23907,-9.225,-7.78034,23.53622,-16.55463,NEB,NEB,UNebraska,TeamExclusive,Team,20260904-UNebraska-Private-3,5d571c60-a8ab-11f1-8243-4f0324f7f614,86.66152,,,6.57198,,,,,,,3a45c290-6ade-4fcd-816b-cea7ae13fb8f,2026-09-04,21:55:37.80,2026-09-04T16:55:37.8050048-05:00,2026-09-04T21:55:37.8050048Z,,v3,4865,4865,,"Fikes, Trey",10277361,Right,NEB,45331e4b-ae6e-44fe-a38e-65e2768930a5,54.45981,-127.06784,11.76811,6.70871,-8.64207,-8.27731,-0.43698,5.59797,-3.89017,,,,,,,,,,,,,,,,,,,,,,,,,,,,,,,,,,,,,,,,,,,,,,,,,,,High,High,High,,,,,
93,2026-09-04,16:56:11.39,3,2,"Hoover, Caleb",1000091549,Right,NEB,"Worthley, Jeter",828636,Right,NEB,Undefined,4,Top,0,1,0,Fastball,Four-Seam,InPlay,Undefined,Bunt,Single,0,0,,84.99872,-1.559341,-0.71489,2044.751121,177.231296,12:00,6.60912,0.52318,5.92055,-18.98336,19.64832,-0.89039,3.57963,-0.21447,77.72266,-5.164145,-0.874788,0.447346,39.49779,-68.432336,-62.759529,,,,,4.00719,4.00718,-16.307436,0.068164,0.25921,10.91276,-0.46542,50,6.47358,1.57532,-123.4547,-3.89499,0.39958,24.83834,-15.35141,NEB,NEB,UNebraska,TeamExclusive,Team,20260904-UNebraska-Private-3,7153b020-a8ab-11f1-8243-4f0324f7f614,84.25797,3.73597,,7.27607,,,,3.17003,3.73597,0.18778,3a45c290-6ade-4fcd-816b-cea7ae13fb8f,2026-09-04,21:56:11.39,2026-09-04T16:56:11.3993728-05:00,2026-09-04T21:56:11.3993728Z,GroundBall,v3,4865,4865,,"Fikes, Trey",10277361,Right,NEB,6d40fc69-0776-42ab-a93b-d1103fc146ac,54.57957,-124.37266,12.41917,6.60704,-3.32764,-7.6757,-0.52337,1.56056,0.19979,,3.16817,9.91645,,,,,,,,3.74623,-54.8089,,,,,,,,0.19138,-19.26185,,,,,,,,,,,,,,,,,,,,,,,,,,,,,,High,High,High,Estimated,Estimated,,,
94,2026-09-04,16:56:56.14,4,1,"Hoover, Caleb",1000091549,Right,NEB,"Sanderson, Case",806508,Left,NEB,Undefined,4,Top,0,0,0,ChangeUp,Changeup,FoulBallNotFieldable,Undefined,Undefined,Undefined,0,0,,80.07748,-0.611863,-0.817155,1336.560748,226.218296,1:30,6.48719,0.79953,6.00334,-30.20486,13.2391,12.35205,3.40312,1.07168,73.24684,-6.261096,1.405785,0.47439,66.74122,40.366678,-151.165928,3110.461376,-98.77516,43.3968,-48.40871,181.31261,75.33813,-156.833517,2.981156,-6.62874,7.40197,-0.74221,50,6.4225,1.206,-116.34404,-2.12071,-9.05534,22.50903,-22.06244,NEB,NEB,UNebraska,TeamExclusive,Team,20260904-UNebraska-Private-3,8c088a80-a8ab-11f1-8243-4f0324f7f614,79.45446,44.55149,,6.83064,,,,1.6765,3.17465,-0.96358,3a45c290-6ade-4fcd-816b-cea7ae13fb8f,2026-09-04,21:56:56.14,2026-09-04T16:56:56.1447936-05:00,2026-09-04T21:56:56.1447936Z,FlyBall,v3,4865,4865,,"Fikes, Trey",10277361,Right,NEB,ddbf7db6-8883-43aa-97de-bf78ee1b49ca,54.49689,-117.21083,11.25451,6.48781,-1.27113,-11.03122,-0.79536,1.55471,-4.52767,21.263572,1.67644,-65.33502,1.3545,0.72828,0.01027,-0.14223,0.09119,-0.02437,0.00237,3.1749,63.38651,-27.47077,2.78295,-0.18252,-0.1835,0.09458,-0.01851,0.00132,-0.96368,-35.96629,4.57556,-0.31654,0.13072,-0.09977,0.0617,-0.01755,0.00179,,,,,,,,,,,,,,,,,,,,,,,High,High,High,High,Low,,,
95,2026-09-04,16:57:20.55,4,2,"Hoover, Caleb",1000091549,Right,NEB,"Sanderson, Case",806508,Left,NEB,Undefined,4,Top,0,0,1,Slider,Slider,HitByPitch,Undefined,Undefined,Undefined,0,1,,80.3188,-2.841061,-2.876607,2163.053398,76.78807,8:30,6.3983,0.95876,5.39909,-44.78227,-0.70713,-8.46091,-0.00147,-2.44426,74.83431,-10.885677,-4.382961,0.477824,,,,,,,,,,,,3.59295,0.61815,-0.69564,50,6.11227,6.16934,-116.46972,-7.30884,4.95208,21.18009,-31.32204,NEB,NEB,UNebraska,TeamExclusive,Team,20260904-UNebraska-Private-3,9a8b2400-a8ab-11f1-8243-4f0324f7f614,78.88346,,,5.48448,,,,,,,3a45c290-6ade-4fcd-816b-cea7ae13fb8f,2026-09-04,21:57:20.55,2026-09-04T16:57:20.5518848-05:00,2026-09-04T21:57:20.5518848Z,,v3,4865,4865,,"Fikes, Trey",10277361,Right,NEB,4b61a21f-867d-49dc-baa2-789b89795612,55.10518,-117.39443,10.59005,6.40152,-5.94134,-15.66102,-0.96028,5.95313,2.47604,,,,,,,,,,,,,,,,,,,,,,,,,,,,,,,,,,,,,,,,,,,,,,,,,,,High,High,High,,,,,
96,2026-09-04,16:57:58.33,5,1,"Hoover, Caleb",1000091549,Right,NEB,"Moore, Reese",1000594798,Left,NEB,Undefined,4,Top,0,0,0,Fastball,Four-Seam,BallCalled,Undefined,Undefined,Undefined,0,0,,85.87298,-1.053861,-1.287935,2098.105792,194.97442,12:30,6.63937,0.728,5.92147,-17.41442,20.4008,5.13607,4.20984,-0.03938,78.48561,-4.378238,-0.365906,0.442593,,,,,,,,,,,,-2.96658,11.08123,-0.62768,50,6.54494,2.59102,-124.69823,-2.76327,-4.67526,24.86456,-14.71032,NEB,NEB,UNebraska,TeamExclusive,Team,20260904-UNebraska-Private-3,b11bf730-a8ab-11f1-8243-4f0324f7f614,85.16275,,,7.38737,,,,,,,3a45c290-6ade-4fcd-816b-cea7ae13fb8f,2026-09-04,21:57:58.33,2026-09-04T16:57:58.3389184-05:00,2026-09-04T21:57:58.3389184Z,,v3,4865,4865,,"Fikes, Trey",10277361,Right,NEB,84c91dea-737c-42fe-beb0-a29cc4a8794c,54.57603,-125.60737,12.43228,6.63614,-2.22541,-7.35516,-0.72554,2.76196,-2.33763,,,,,,,,,,,,,,,,,,,,,,,,,,,,,,,,,,,,,,,,,,,,,,,,,,,High,High,High,,,,,
97,2026-09-04,16:58:15.48,5,2,"Hoover, Caleb",1000091549,Right,NEB,"Moore, Reese",1000594798,Left,NEB,Undefined,4,Top,0,1,0,Fastball,Four-Seam,FoulBallNotFieldable,Undefined,Undefined,Undefined,0,0,,85.14214,-3.200855,-0.168528,2049.770963,191.75314,12:30,6.68144,0.37155,5.78253,-17.13414,21.51564,4.22284,2.27237,0.56665,78.21035,-6.444387,0.588022,0.44745,74.73292,62.521564,-94.284045,5386.671456,,,,,19.87471,,,-2.20961,12.22981,-0.36027,50,6.40702,0.19386,-123.53905,-7.3877,-3.42557,23.88236,-13.21403,NEB,NEB,UNebraska,TeamExclusive,Team,20260904-UNebraska-Private-3,bb4fd000-a8ab-11f1-8243-4f0324f7f614,84.23824,36.87724,,6.93179,,,,1.58996,1.6427,-0.12315,3a45c290-6ade-4fcd-816b-cea7ae13fb8f,2026-09-04,21:58:15.48,2026-09-04T16:58:15.4898432-05:00,2026-09-04T21:58:15.4898432Z,,v3,4865,4865,,"Fikes, Trey",10277361,Right,NEB,e7ee933f-61f4-417b-9c83-6e7970bf5316,54.71747,-124.44768,11.94118,6.67853,-6.88496,-6.60702,-0.37012,0.32419,-1.71279,27.418269,1.60757,-4.35057,-9.82312,,,,,,,1.65924,96.71134,-29.5828,,,,,,,-0.12944,-50.23227,7.53161,,,,,,,,,,,,,,,,,,,,,,,,,,,,,High,High,High,High,Undefined,,,
98,2026-09-04,16:58:46.03,5,3,"Hoover, Caleb",1000091549,Right,NEB,"Moore, Reese",1000594798,Left,NEB,Undefined,4,Top,0,1,1,ChangeUp,Changeup,InPlay,Undefined,FlyBall,Double,1,3,,80.5258,-0.338844,-1.018303,1344.702256,229.675681,1:45,6.33014,1.18227,6.10756,-34.42714,7.91394,7.88756,3.14782,0.89781,74.47503,-6.724568,0.404249,0.46833,97.88716,26.673932,-6.057048,2975.593397,108.74085,52.11939,-16.59596,407.13383,381.60428,-13.088376,4.927444,-4.35359,4.54351,-1.10822,50,6.28589,1.79681,-117.13533,-1.72484,-6.09705,20.47198,-25.81102,NEB,NEB,UNebraska,TeamExclusive,Team,20260904-UNebraska-Private-3,cd851140-a8ab-11f1-8243-4f0324f7f614,80.48257,76.44065,,6.05076,,,,1.39632,3.16372,-0.89421,3a45c290-6ade-4fcd-816b-cea7ae13fb8f,2026-09-04,21:58:46.03,2026-09-04T16:58:46.0300288-05:00,2026-09-04T21:58:46.0300288Z,FlyBall,v3,4865,4865,,"Fikes, Trey",10277361,Right,NEB,8a8a222b-c527-416c-bcfc-315e1b6ba0b3,54.39377,-117.90073,10.23599,6.33233,-0.75982,-12.90551,-1.17966,2.02477,-3.04852,154.156091,1.39807,127.53299,-21.70988,4.71695,-0.71392,0.05392,0.00079,-0.00021,-1E-05,3.16381,64.44753,-14.75194,0.13073,0.13392,-0.07462,0.02497,-0.00392,0.00023,-0.89384,-13.5482,-3.61282,1.17774,-0.2065,0.00956,0.00347,-0.00064,3E-05,,,,,,,,,,,,,,,,,,,,,,,High,High,High,High,Medium,,,
99,2026-09-04,16:59:39.88,6,1,"Hoover, Caleb",1000091549,Right,NEB,"Kelley, Carter",831357,Right,NEB,Undefined,4,Top,1,0,0,Curveball,Curveball,StrikeCalled,Undefined,Undefined,Undefined,0,0,,69.69585,2.627287,-0.054182,2030.329926,40.841161,7:15,6.47928,0.6639,5.01399,-64.91504,-5.9276,-6.56575,3.55113,0.06561,64.69745,-9.06309,-1.214648,0.552779,,,,,,,,,,,,3.22244,-3.01622,-0.65322,50,6.67878,0.33827,-101.18996,2.53681,3.37034,15.16182,-35.32873,NEB,NEB,UNebraska,TeamExclusive,Team,20260904-UNebraska-Private-3,edb03c60-a8ab-11f1-8243-4f0324f7f614,68.18724,,,4.99841,,,,,,,3a45c290-6ade-4fcd-816b-cea7ae13fb8f,2026-09-04,21:59:39.88,2026-09-04T16:59:39.8888448-05:00,2026-09-04T21:59:39.8888448Z,,v3,4865,4865,,"Fikes, Trey",10277361,Right,NEB,1180a72f-0819-4700-bd4f-3d526505e912,55.48918,-102.00911,7.58091,6.49016,4.44554,-17.66436,-0.66658,0.15618,1.68517,,,,,,,,,,,,,,,,,,,,,,,,,,,,,,,,,,,,,,,,,,,,,,,,,,,High,High,High,,,,,
100,2026-09-04,16:59:57.33,6,2,"Hoover, Caleb",1000091549,Right,NEB,"Kelley, Carter",831357,Right,NEB,Undefined,4,Top,1,0,1,Curveball,Curveball,BallCalled,Undefined,Undefined,Undefined,0,0,,71.15394,1.278734,1.254756,1936.241666,18.732767,6:30,6.4905,0.64517,5.36581,-64.68283,-9.14914,-3.6037,2.2998,1.52161,66.62823,-10.385819,0.612572,0.536352,,,,,,,,,,,,2.11004,-4.38992,-0.75518,50,6.55909,-2.13797,-103.49089,0.2551,2.31742,15.22009,-36.99542,NEB,NEB,UNebraska,TeamExclusive,Team,20260904-UNebraska-Private-3,f815faa0-a8ab-11f1-8243-4f0324f7f614,70.2756,,,4.52571,,,,,,,3a45c290-6ade-4fcd-816b-cea7ae13fb8f,2026-09-04,21:59:57.33,2026-09-04T16:59:57.3314048-05:00,2026-09-04T21:59:57.3314048Z,,v3,4865,4865,,"Fikes, Trey",10277361,Right,NEB,8bd34ad5-296f-4e2a-9bab-15bbed5e2fa8,55.13924,-104.24396,7.61005,6.50118,2.08559,-18.49771,-0.64656,-2.25263,1.15871,,,,,,,,,,,,,,,,,,,,,,,,,,,,,,,,,,,,,,,,,,,,,,,,,,,High,High,High,,,,,
101,2026-09-04,17:00:19.11,6,3,"Hoover, Caleb",1000091549,Right,NEB,"Kelley, Carter",831357,Right,NEB,Undefined,4,Top,1,1,1,Fastball,Four-Seam,StrikeSwinging,Undefined,Undefined,Undefined,0,0,,85.1743,-3.492523,-1.141983,2000.246965,194.238311,12:30,6.64418,0.32984,5.76938,-19.35127,18.79064,4.50508,1.77661,-0.35765,79.38657,-7.090606,-0.335008,0.444501,,,,,,,,,,,,-2.56374,10.72627,-0.23817,50,6.3431,2.28624,-123.69655,-8.1366,-4.04521,20.42282,-15.24967,NEB,NEB,UNebraska,TeamExclusive,Team,20260904-UNebraska-Private-3,04ffa4a0-a8ac-11f1-8243-4f0324f7f614,84.79723,,,5.78773,,,,,,,3a45c290-6ade-4fcd-816b-cea7ae13fb8f,2026-09-04,22:00:19.11,2026-09-04T17:00:19.1171072-05:00,2026-09-04T22:00:19.1171072Z,,v3,4865,4865,,"Fikes, Trey",10277361,Right,NEB,d1325456-3a5b-4061-a20f-609b23ca846f,54.7318,-124.47534,10.21141,6.64229,-7.55508,-7.62483,-0.32829,2.4405,-2.02261,,,,,,,,,,,,,,,,,,,,,,,,,,,,,,,,,,,,,,,,,,,,,,,,,,,High,High,High,,,,,
102,2026-09-04,17:00:43.93,6,4,"Hoover, Caleb",1000091549,Right,NEB,"Kelley, Carter",831357,Right,NEB,Undefined,4,Top,1,1,2,Slider,Curveball,InPlay,Undefined,GroundBall,Out,1,0,,76.88637,-0.141073,-1.088623,2199.846665,104.781868,9:30,6.27431,1.31322,5.52235,-43.91451,3.36689,-7.91504,2.48285,-0.3643,71.67407,-8.133705,-2.500973,0.494899,70.76316,-8.778671,-35.706689,,,,,22.21636,20.98267,-28.78576,0.19126,3.78752,2.07012,-1.21286,50,6.2321,2.41308,-111.82678,-1.68416,4.85695,17.76776,-29.51943,NEB,NEB,UNebraska,TeamExclusive,Team,20260904-UNebraska-Private-3,13cc1860-a8ac-11f1-8243-4f0324f7f614,76.16189,2.9537,,5.2123,,,,3.72188,2.9537,0.3849,3a45c290-6ade-4fcd-816b-cea7ae13fb8f,2026-09-04,22:00:43.93,2026-09-04T17:00:43.9370240-05:00,2026-09-04T22:00:43.9370240Z,GroundBall,v3,4865,4865,,"Fikes, Trey",10277361,Right,NEB,bd6748ba-f0d1-469a-b5c2-a6e09e16ac4f,54.9808,-112.61538,8.88388,6.27778,-0.37397,-14.75972,-1.31518,2.19751,2.42847,200.8891,3.72195,83.28412,-4.91772,,,,,,,2.95297,-15.78877,1.84613,,,,,,,0.38443,-59.83096,9.87719,,,,,,,,,,,,,,,,,,,,,,,,,,,,,High,High,High,Medium,High,,,
103,2026-09-04,17:01:21.12,7,1,"Hoover, Caleb",1000091549,Right,NEB,"Strohmeyer, Reed",837719,Left,NEB,Undefined,4,Top,2,0,0,ChangeUp,Changeup,InPlay,Undefined,FlyBall,HomeRun,0,1,,83.11712,-2.113107,-0.987942,1913.952787,196.019851,12:30,6.67912,0.66252,5.75597,-23.08678,17.31816,4.62359,2.787,0.12808,76.64608,-6.421619,-0.159879,0.457497,93.1984,30.626396,-11.335903,3677.022641,106.05728,58.15773,-29.1846,368.55708,359.67784,-23.716527,4.950193,-2.62433,9.76134,-0.58349,50,6.48975,1.90073,-120.7246,-5.15245,-3.89907,22.02404,-17.67133,NEB,NEB,UNebraska,TeamExclusive,Team,20260904-UNebraska-Private-3,29f88470-a8ac-11f1-8243-4f0324f7f614,82.3883,78.40078,,6.47105,,,,1.16109,2.82663,-0.13182,3a45c290-6ade-4fcd-816b-cea7ae13fb8f,2026-09-04,22:01:21.12,2026-09-04T17:01:21.1217408-05:00,2026-09-04T22:01:21.1217408Z,FlyBall,v3,4865,4865,,"Fikes, Trey",10277361,Right,NEB,997a381f-0448-4249-8a60-a50428dfc018,54.74434,-121.58704,11.01202,6.67796,-4.46046,-8.83566,-0.66091,2.05342,-1.94954,138.210153,1.16463,115.25238,-20.11011,3.86807,-0.38929,-0.05546,0.02102,-0.00175,2E-05,2.82706,69.62347,-17.79063,0.85194,0.04928,-0.08556,0.03288,-0.00524,0.0003,-0.13291,-23.10068,-5.42199,2.151,-0.58197,0.1299,-0.02485,0.00312,-0.00017,,,,,,,,,,,,,,,,,,,,,,,High,High,High,High,Medium,,,
104,2026-09-04,17:02:03.30,8,1,"Hoover, Caleb",1000091549,Right,NEB,"Myrow, Dylan",10138181,Right,NEB,Undefined,4,Top,2,0,0,Curveball,Curveball,BallCalled,Undefined,Undefined,Undefined,0,0,,69.37322,3.713316,0.663868,2015.363129,38.49047,7:15,6.4241,0.8306,5.15499,-67.03511,-7.54158,-7.37682,4.33857,0.84084,64.04811,-8.406487,-0.641922,0.555145,,,,,,,,,,,,3.82079,-4.10921,-0.88679,50,6.71991,-0.89675,-100.61177,4.39743,3.93954,15.42099,-36.41099,NEB,NEB,UNebraska,TeamExclusive,Team,20260904-UNebraska-Private-3,432d0060-a8ac-11f1-8243-4f0324f7f614,67.8966,,,5.32511,,,,,,,3a45c290-6ade-4fcd-816b-cea7ae13fb8f,2026-09-04,22:02:03.30,2026-09-04T17:02:03.3095168-05:00,2026-09-04T22:02:03.3095168Z,,v3,4865,4865,,"Fikes, Trey",10277361,Right,NEB,0955e851-295b-4219-ba73-61eacf9610ff,55.34841,-101.42823,7.71049,6.43606,6.32518,-18.2055,-0.8338,-1.10533,1.96977,,,,,,,,,,,,,,,,,,,,,,,,,,,,,,,,,,,,,,,,,,,,,,,,,,,High,High,High,,,,,
105,2026-09-04,17:02:19.48,8,2,"Hoover, Caleb",1000091549,Right,NEB,"Myrow, Dylan",10138181,Right,NEB,Undefined,4,Top,2,1,0,Curveball,Curveball,StrikeCalled,Undefined,Undefined,Undefined,0,0,,69.38536,2.656628,-0.704621,2019.963229,43.463377,7:30,6.49619,0.64061,5.26303,-66.80212,-7.71422,-8.91741,3.42717,-0.76451,64.37036,-9.419849,-2.288033,0.553249,,,,,,,,,,,,4.25181,-3.94823,-0.56939,50,6.6902,1.55855,-100.75861,2.58022,4.3974,15.44456,-36.25749,NEB,NEB,UNebraska,TeamExclusive,Team,20260904-UNebraska-Private-3,4cd254d0-a8ac-11f1-8243-4f0324f7f614,68.12924,,,5.015,,,,,,,3a45c290-6ade-4fcd-816b-cea7ae13fb8f,2026-09-04,22:02:19.48,2026-09-04T17:02:19.4818048-05:00,2026-09-04T22:02:19.4818048Z,,v3,4865,4865,,"Fikes, Trey",10277361,Right,NEB,e244c1f1-224c-452e-80c9-1219cdf4874f,55.24081,-101.55876,7.72228,6.50786,4.45865,-18.12874,-0.64423,1.33073,2.1987,,,,,,,,,,,,,,,,,,,,,,,,,,,,,,,,,,,,,,,,,,,,,,,,,,,High,High,High,,,,,
106,2026-09-04,17:02:35.96,8,3,"Hoover, Caleb",1000091549,Right,NEB,"Myrow, Dylan",10138181,Right,NEB,Undefined,4,Top,2,1,1,Curveball,Curveball,BallCalled,Undefined,Undefined,Undefined,0,0,,72.35924,-0.828407,-1.632625,2101.706117,35.694075,7:15,6.46107,0.6439,5.47756,-61.02377,-6.92721,-6.13611,0.60022,-1.39555,67.40405,-11.830347,-2.729885,0.529366,,,,,,,,,,,,2.6587,-2.80508,-0.49622,50,6.34648,3.21267,-105.11952,-3.43399,2.97605,17.75606,-35.31395,NEB,NEB,UNebraska,TeamExclusive,Team,20260904-UNebraska-Private-3,56a08e00-a8ac-11f1-8243-4f0324f7f614,71.20296,,,4.95519,,,,,,,3a45c290-6ade-4fcd-816b-cea7ae13fb8f,2026-09-04,22:02:35.96,2026-09-04T17:02:35.9681536-05:00,2026-09-04T22:02:35.9681536Z,,v3,4865,4865,,"Fikes, Trey",10277361,Right,NEB,624c0685-5077-4c09-ae75-d8c172ed3ef3,55.0259,-105.96506,8.87803,6.46996,-1.75235,-17.65698,-0.64583,3.07095,1.48802,,,,,,,,,,,,,,,,,,,,,,,,,,,,,,,,,,,,,,,,,,,,,,,,,,,High,High,High,,,,,
107,2026-09-04,17:03:00.58,8,4,"Hoover, Caleb",1000091549,Right,NEB,"Myrow, Dylan",10138181,Right,NEB,Undefined,4,Top,2,2,1,Curveball,Curveball,FoulBallNotFieldable,Undefined,Undefined,Undefined,0,0,,74.33466,1.142884,-0.47689,2167.388948,94.19083,9:15,6.29631,1.12412,5.31039,-49.27688,2.49209,-11.61375,3.26285,-0.29133,68.20315,-7.84582,-2.54024,0.517853,64.61834,4.708373,170.138993,2567.907906,,,,50.6875,37.22476,165.444685,0.556966,5.69792,1.39504,-1.07205,50,6.3642,1.33425,-107.89297,0.56562,6.69777,19.26002,-30.53419,NEB,NEB,UNebraska,TeamExclusive,Team,20260904-UNebraska-Private-3,654a85a0-a8ac-11f1-8243-4f0324f7f614,72.78603,3.49991,,6.13152,,,,1.16612,2.85405,0.09898,3a45c290-6ade-4fcd-816b-cea7ae13fb8f,2026-09-04,22:03:00.58,2026-09-04T17:03:00.5892608-05:00,2026-09-04T22:03:00.5892608Z,GroundBall,v3,4865,4865,,"Fikes, Trey",10277361,Right,NEB,7545444e-b4c8-4929-a629-72f9175551e9,55.19024,-108.81554,9.63001,6.30208,2.02823,-15.2671,-1.12827,1.01342,3.34888,61.602786,1.18146,-93.42156,5.72296,,,,,,,2.85846,7.67469,-23.00806,,,,,,,0.08965,16.39753,11.36373,,,,,,,,,,,,,,,,,,,,,,,,,,,,,High,High,High,Low,Low,,,
108,2026-09-04,17:03:24.88,8,5,"Hoover, Caleb",1000091549,Right,NEB,"Myrow, Dylan",10138181,Right,NEB,Undefined,4,Top,2,2,2,Curveball,Curveball,BallCalled,Undefined,Undefined,Undefined,0,0,,74.70739,-1.20873,-1.153786,2170.287955,62.529796,8:00,6.34486,0.96248,5.5583,-52.91562,-2.05906,-7.07433,0.80549,-0.70521,69.01076,-10.811196,-2.419844,0.513269,,,,,,,,,,,,3.24677,-0.19201,-0.85804,50,6.20558,2.44339,-108.45483,-3.97013,3.84953,19.77468,-32.40169,NEB,NEB,UNebraska,TeamExclusive,Team,20260904-UNebraska-Private-3,73c779d0-a8ac-11f1-8243-4f0324f7f614,73.43604,,,5.69664,,,,,,,3a45c290-6ade-4fcd-816b-cea7ae13fb8f,2026-09-04,22:03:24.88,2026-09-04T17:03:24.8897536-05:00,2026-09-04T22:03:24.8897536Z,,v3,4865,4865,,"Fikes, Trey",10277361,Right,NEB,bd276bd4-c9a8-46b9-af44-14d21c81094a,54.94268,-109.35232,9.88734,6.3524,-2.49956,-16.20084,-0.96497,2.26867,1.92476,,,,,,,,,,,,,,,,,,,,,,,,,,,,,,,,,,,,,,,,,,,,,,,,,,,High,High,High,,,,,
109,2026-09-04,17:03:50.68,8,6,"Hoover, Caleb",1000091549,Right,NEB,"Myrow, Dylan",10138181,Right,NEB,Undefined,4,Top,2,3,2,Curveball,Curveball,FoulBallNotFieldable,Undefined,Undefined,Undefined,0,0,,70.77837,0.719805,-0.60382,2124.722071,39.289068,7:15,6.38844,0.61243,5.35032,-65.63322,-8.77461,-8.59686,1.59422,-0.67035,65.63917,-11.13209,-2.136926,0.542712,80.7664,28.93285,62.036274,4375.233465,43.77668,47.90283,100.91352,272.16775,129.59094,76.456892,3.903192,4.16973,-4.14784,-0.55164,50,6.40581,1.38601,-102.8403,-0.76036,4.45876,17.29658,-36.60942,NEB,NEB,UNebraska,TeamExclusive,Team,20260904-UNebraska-Private-3,83299de0-a8ac-11f1-8243-4f0324f7f614,69.45199,52.02833,,5.1392,,,,1.19486,1.67139,0.39514,3a45c290-6ade-4fcd-816b-cea7ae13fb8f,2026-09-04,22:03:50.68,2026-09-04T17:03:50.6863104-05:00,2026-09-04T22:03:50.6863104Z,LineDrive,v3,4865,4865,,"Fikes, Trey",10277361,Right,NEB,6f2de4a3-0ccb-4860-9c97-1e8e1136cbd8,55.15381,-103.70348,8.64829,6.39816,1.06664,-18.30471,-0.61526,1.1635,2.22938,,1.19562,48.58911,-15.31165,2.92053,-0.255,-0.12811,0.06392,-0.01158,0.00077,1.67181,57.28906,-17.32795,0.09285,0.71373,-0.46277,0.1684,-0.03101,0.00221,0.39851,91.4699,-14.36557,3.13215,0.26738,-0.5355,0.19416,-0.03032,0.00176,,,,,,,,,,,,,,,,,,,,,,,High,High,High,Medium,Low,,,
110,2026-09-04,17:04:15.49,8,7,"Hoover, Caleb",1000091549,Right,NEB,"Myrow, Dylan",10138181,Right,NEB,Undefined,4,Top,2,3,2,Curveball,Curveball,InPlay,Undefined,LineDrive,Out,1,0,,73.88636,1.981623,0.054778,2016.68452,52.049142,7:45,6.28606,1.04913,5.55607,-57.04834,-4.58181,-8.21201,3.38433,0.41598,67.14215,-8.467504,-1.41174,0.52133,72.92072,12.670578,-10.316212,741.833272,108.10094,9.02371,-20.35088,148.62604,141.10765,-10.760995,1.615911,4.20807,-2.53272,-1.04812,50,6.41933,0.19298,-107.17,1.92531,4.82349,21.01354,-35.07715,NEB,NEB,UNebraska,TeamExclusive,Team,20260904-UNebraska-Private-3,91ed10f0-a8ac-11f1-8243-4f0324f7f614,72.30056,11.7455,,6.74422,,,,1.906,3.47966,-0.43805,3a45c290-6ade-4fcd-816b-cea7ae13fb8f,2026-09-04,22:04:15.49,2026-09-04T17:04:15.4977792-05:00,2026-09-04T22:04:15.4977792Z,GroundBall,v3,4865,4865,,"Fikes, Trey",10277361,Right,NEB,1e41b494-7734-4dff-889c-19f4ae4b8632,54.9456,-108.13537,10.50677,6.29386,3.53677,-17.53857,-1.05189,-0.02861,2.41175,151.773956,1.906,102.65888,-10.12473,1.47685,-0.29047,0.04615,-0.0076,0.00131,-0.00012,3.47966,23.45902,-17.40632,1.19838,-0.20434,0.04418,-0.00585,0.00074,-8E-05,-0.43805,-18.68629,1.30218,-0.16316,0.03117,-0.0047,0.00078,-0.00014,1E-05,,,,,,,,,,,,,,,,,,,,,,,High,High,High,High,High,,,
111,2026-09-04,17:07:19.83,1,1,"Roemmich, Colton",1000594814,Right,NEB,"Grego, Drew",837715,Right,NEB,Undefined,4,Bottom,0,0,0,Fastball,Four-Seam,StrikeCalled,Undefined,Undefined,Undefined,0,0,,89.66273,-3.319826,-2.972085,2334.695904,214.42331,1:15,6.61956,1.65076,5.64612,-16.75552,18.5221,11.89304,2.11892,-0.13298,81.89618,-6.485015,-0.850315,0.427485,,,,,,,,,,,,-6.82697,10.65662,-1.4059,50,6.32662,6.21126,-129.81644,-8.04824,-11.64327,27.32204,-13.99937,NEB,NEB,UNebraska,TeamExclusive,Team,20260904-UNebraska-Private-3,ffc44490-a8ac-11f1-8243-4f0324f7f614,88.17252,,,7.76655,,,,,,,3a45c290-6ade-4fcd-816b-cea7ae13fb8f,2026-09-04,22:07:19.83,2026-09-04T17:07:19.8347264-05:00,2026-09-04T22:07:19.8347264Z,,v3,4865,4865,,"Worthley, Jeter",828636,Right,NEB,5bfbff14-8b1c-4a3d-a709-a226e00ea779,54.85228,-130.8337,13.66102,6.61657,-7.52701,-6.99968,-1.64522,6.64476,-5.82163,,,,,,,,,,,,,,,,,,,,,,,,,,,,,,,,,,,,,,,,,,,,,,,,,,,High,High,High,,,,,
112,2026-09-04,17:07:40.37,1,2,"Roemmich, Colton",1000594814,Right,NEB,"Grego, Drew",837715,Right,NEB,Undefined,4,Bottom,0,0,1,Curveball,Curveball,StrikeSwinging,Undefined,Undefined,Undefined,0,0,,76.63039,-1.253697,-3.066048,2150.519567,27.215714,7:00,6.58931,2.12258,4.96006,-55.08034,-5.71382,-3.7111,0.81294,-1.08615,71.08794,-11.095245,-3.721608,0.505694,,,,,,,,,,,,0.99311,-2.07307,-1.8222,50,6.422,6.09653,-111.07638,-4.38727,1.24045,19.94162,-34.76337,NEB,NEB,UNebraska,TeamExclusive,Team,20260904-UNebraska-Private-3,0c0b1ee0-a8ad-11f1-8243-4f0324f7f614,74.53609,,,5.54245,,,,,,,3a45c290-6ade-4fcd-816b-cea7ae13fb8f,2026-09-04,22:07:40.37,2026-09-04T17:07:40.3760640-05:00,2026-09-04T22:07:40.3760640Z,,v3,4865,4865,,"Worthley, Jeter",828636,Right,NEB,457a92e8-bc51-4566-ad28-f5dbc2a45a7a,55.54253,-112.06702,9.97081,6.59706,-2.66034,-17.38169,-2.12353,6.0349,0.62022,,,,,,,,,,,,,,,,,,,,,,,,,,,,,,,,,,,,,,,,,,,,,,,,,,,High,High,High,,,,,
113,2026-09-04,17:08:01.07,1,3,"Roemmich, Colton",1000594814,Right,NEB,"Grego, Drew",837715,Right,NEB,Undefined,4,Bottom,0,0,2,Curveball,Curveball,BallCalled,Undefined,Undefined,Undefined,0,0,,80.72744,-2.856377,-4.841054,2141.458437,29.809088,7:00,6.55496,2.01455,4.99587,-53.78058,-8.62634,-5.79063,-0.63547,-3.04954,74.47807,-12.401159,-5.86156,0.483638,,,,,,,,,,,,1.41161,-3.15292,-1.54268,50,6.23454,10.10497,-116.55293,-7.80991,1.91908,24.29686,-36.46042,NEB,NEB,UNebraska,TeamExclusive,Team,20260904-UNebraska-Private-3,1854b850-a8ad-11f1-8243-4f0324f7f614,77.93521,,,6.24937,,,,,,,3a45c290-6ade-4fcd-816b-cea7ae13fb8f,2026-09-04,22:08:01.07,2026-09-04T17:08:01.0761728-05:00,2026-09-04T22:08:01.0761728Z,,v3,4865,4865,,"Worthley, Jeter",828636,Right,NEB,e3708659-38b4-4d9a-bcf6-901eff6468df,55.50743,-117.69542,12.14843,6.56147,-6.09546,-18.23021,-2.01572,10.01473,0.95954,,,,,,,,,,,,,,,,,,,,,,,,,,,,,,,,,,,,,,,,,,,,,,,,,,,High,High,High,,,,,
114,2026-09-04,17:08:23.07,1,4,"Roemmich, Colton",1000594814,Right,NEB,"Grego, Drew",837715,Right,NEB,Undefined,4,Bottom,0,1,2,Fastball,Four-Seam,StrikeCalled,Strikeout,Undefined,Undefined,0,0,,90.3828,-2.453509,-3.707483,2380.813729,212.54506,1:00,6.6739,1.67856,5.45262,-14.35406,20.7282,12.46497,3.17461,-0.75838,82.12156,-5.198603,-1.495165,0.4263,,,,,,,,,,,,-7.29768,11.46233,-1.35964,50,6.44729,7.89824,-130.77404,-6.03044,-12.5922,28.50457,-12.3957,NEB,NEB,UNebraska,TeamExclusive,Team,20260904-UNebraska-Private-3,25763b30-a8ad-11f1-8243-4f0324f7f614,88.41767,,,8.26124,,,,,,,3a45c290-6ade-4fcd-816b-cea7ae13fb8f,2026-09-04,22:08:23.07,2026-09-04T17:08:23.0742528-05:00,2026-09-04T22:08:23.0742528Z,,v3,4865,4865,,"Worthley, Jeter",828636,Right,NEB,fcbcd1cb-7f76-4128-b10e-12cc278308f0,55.04513,-131.86913,14.25228,6.66982,-5.55422,-6.19785,-1.67237,8.38201,-6.2961,,,,,,,,,,,,,,,,,,,,,,,,,,,,,,,,,,,,,,,,,,,,,,,,,,,High,High,High,,,,,
115,2026-09-04,17:08:50.27,2,1,"Roemmich, Colton",1000594814,Right,NEB,"Jindra, Brody",842004,Right,NEB,Undefined,4,Bottom,1,0,0,Fastball,Four-Seam,StrikeCalled,Undefined,Undefined,Undefined,0,0,,90.88148,-3.241132,-3.482792,2240.994719,206.535859,1:00,6.66059,1.91855,5.46,-16.50363,17.75985,8.35756,2.2426,-0.64905,83.81622,-6.324937,-1.998601,0.421296,,,,,,,,,,,,-5.07197,10.07268,-1.61719,50,6.36305,7.63396,-131.63683,-8.00876,-8.9901,25.28163,-14.32009,NEB,NEB,UNebraska,TeamExclusive,Team,20260904-UNebraska-Private-3,35ab1890-a8ad-11f1-8243-4f0324f7f614,89.46785,,,7.06527,,,,,,,3a45c290-6ade-4fcd-816b-cea7ae13fb8f,2026-09-04,22:08:50.27,2026-09-04T17:08:50.2779904-05:00,2026-09-04T22:08:50.2779904Z,,v3,4865,4865,,"Worthley, Jeter",828636,Right,NEB,09ceb1ea-96e7-4d92-9cdd-0ba8fcf183da,55.03998,-132.60125,12.64081,6.65814,-7.46249,-7.16005,-1.91494,7.97691,-4.49505,,,,,,,,,,,,,,,,,,,,,,,,,,,,,,,,,,,,,,,,,,,,,,,,,,,High,High,High,,,,,
116,2026-09-04,17:09:07.45,2,2,"Roemmich, Colton",1000594814,Right,NEB,"Jindra, Brody",842004,Right,NEB,Undefined,4,Bottom,1,0,1,Curveball,Curveball,BallCalled,Undefined,Undefined,Undefined,0,0,,79.40599,-2.264047,-3.459762,2156.071919,16.697164,6:30,6.6085,2.08744,4.96165,-53.71708,-7.48185,-2.67957,-0.01187,-1.40841,73.51519,-11.831347,-3.933235,0.489393,,,,,,,,,,,,0.33429,-2.74571,-1.74978,50,6.34401,7.05823,-114.95919,-6.51538,0.44522,22.25499,-35.83096,NEB,NEB,UNebraska,TeamExclusive,Team,20260904-UNebraska-Private-3,3fea3c00-a8ad-11f1-8243-4f0324f7f614,77.01873,,,5.8908,,,,,,,3a45c290-6ade-4fcd-816b-cea7ae13fb8f,2026-09-04,22:09:07.45,2026-09-04T17:09:07.4501632-05:00,2026-09-04T22:09:07.4501632Z,,v3,4865,4865,,"Worthley, Jeter",828636,Right,NEB,8e7e44c3-de8e-4991-aafd-351ce49a7c34,55.54153,-116.02702,11.1275,6.61538,-4.79616,-17.91548,-2.08794,7.03687,0.22261,,,,,,,,,,,,,,,,,,,,,,,,,,,,,,,,,,,,,,,,,,,,,,,,,,,High,High,High,,,,,
117,2026-09-04,17:09:24.07,2,3,"Roemmich, Colton",1000594814,Right,NEB,"Jindra, Brody",842004,Right,NEB,Undefined,4,Bottom,1,1,1,Fastball,Four-Seam,StrikeSwinging,Undefined,Undefined,Undefined,0,0,,90.69983,-3.75491,-3.687036,2304.092805,209.208975,1:00,6.61727,1.78676,5.58432,-16.91371,17.60615,9.22304,1.68888,-0.89262,83.14793,-6.927963,-2.045689,0.422869,,,,,,,,,,,,-5.71748,10.29875,-1.47586,50,6.28272,8.05709,-131.23273,-9.17506,-9.99201,27.21786,-14.1757,NEB,NEB,UNebraska,TeamExclusive,Team,20260904-UNebraska-Private-3,49c87ac0-a8ad-11f1-8243-4f0324f7f614,89.135,,,7.5519,,,,,,,3a45c290-6ade-4fcd-816b-cea7ae13fb8f,2026-09-04,22:09:24.07,2026-09-04T17:09:24.0730624-05:00,2026-09-04T22:09:24.0730624Z,,v3,4865,4865,,"Worthley, Jeter",828636,Right,NEB,62e56f98-d0bf-4e14-a1cf-8b6510677a53,54.91683,-132.24856,13.60893,6.61528,-8.64599,-7.08785,-1.78353,8.43001,-4.996,,,,,,,,,,,,,,,,,,,,,,,,,,,,,,,,,,,,,,,,,,,,,,,,,,,High,High,High,,,,,
118,2026-09-04,17:09:49.71,2,4,"Roemmich, Colton",1000594814,Right,NEB,"Jindra, Brody",842004,Right,NEB,Undefined,4,Bottom,1,1,2,ChangeUp,Changeup,StrikeSwinging,Strikeout,Undefined,Undefined,0,0,,75.98918,-1.418992,-2.982587,1905.669599,223.98848,1:30,6.59387,2.08582,5.58587,-33.52691,14.87532,13.04001,2.47278,0.3847,70.65389,-7.58081,-0.657321,0.500731,,,,,,,,,,,,-7.32674,8.30701,-1.83813,50,6.44983,5.27016,-110.33297,-3.74491,-9.16114,16.99027,-21.78719,NEB,NEB,UNebraska,TeamExclusive,Team,20260904-UNebraska-Private-3,5926a730-a8ad-11f1-8243-4f0324f7f614,75.27489,,,5.33528,,,,,,,3a45c290-6ade-4fcd-816b-cea7ae13fb8f,2026-09-04,22:09:49.71,2026-09-04T17:09:49.7155584-05:00,2026-09-04T22:09:49.7155584Z,,v3,4865,4865,,"Worthley, Jeter",828636,Right,NEB,736c5ba2-de79-463b-8e44-3ce12966467f,54.91495,-111.08725,8.49513,6.59461,-2.77767,-10.8936,-2.08112,5.67687,-4.58057,,,,,,,,,,,,,,,,,,,,,,,,,,,,,,,,,,,,,,,,,,,,,,,,,,,High,High,High,,,,,
119,2026-09-04,17:10:16.74,3,1,"Roemmich, Colton",1000594814,Right,NEB,"Fikes, Trey",10277361,Right,NEB,Undefined,4,Bottom,2,0,0,Curveball,Curveball,StrikeCalled,Undefined,Undefined,Undefined,0,0,,77.63984,0.982535,-2.271072,2099.226334,49.499733,7:45,6.48931,2.24216,5.10934,-52.51176,-4.74311,-7.26941,3.03986,-0.50446,71.49535,-8.500994,-3.556806,0.497443,,,,,,,,,,,,2.97709,-2.16941,-2.02217,50,6.54087,4.7602,-112.6266,0.07042,3.82264,20.52005,-34.95962,NEB,NEB,UNebraska,TeamExclusive,Team,20260904-UNebraska-Private-3,6940a990-a8ad-11f1-8243-4f0324f7f614,75.77244,,,6.14449,,,,,,,3a45c290-6ade-4fcd-816b-cea7ae13fb8f,2026-09-04,22:10:16.74,2026-09-04T17:10:16.7406080-05:00,2026-09-04T22:10:16.7406080Z,,v3,4865,4865,,"Worthley, Jeter",828636,Right,NEB,edebd150-25be-4854-b8bf-06f1e1658809,55.39218,-113.60478,10.26002,6.49779,1.73694,-17.47981,-2.24475,4.57798,1.91132,,,,,,,,,,,,,,,,,,,,,,,,,,,,,,,,,,,,,,,,,,,,,,,,,,,High,High,High,,,,,
120,2026-09-04,17:10:43.26,3,2,"Roemmich, Colton",1000594814,Right,NEB,"Fikes, Trey",10277361,Right,NEB,Undefined,4,Bottom,2,0,1,Curveball,Curveball,BallCalled,Undefined,Undefined,Undefined,0,0,,76.80636,-0.696556,-2.549955,2115.452883,43.770975,7:30,6.50657,2.1644,5.03417,-54.84133,-5.77788,-6.99678,1.2786,-0.82607,70.99625,-10.534782,-3.78775,0.504139,,,,,,,,,,,,2.75677,-2.23953,-1.91475,50,6.3957,5.2376,-111.3804,-3.29014,3.45322,20.53659,-34.97935,NEB,NEB,UNebraska,TeamExclusive,Team,20260904-UNebraska-Private-3,790f7220-a8ad-11f1-8243-4f0324f7f614,74.76593,,,5.81011,,,,,,,3a45c290-6ade-4fcd-816b-cea7ae13fb8f,2026-09-04,22:10:43.26,2026-09-04T17:10:43.2631808-05:00,2026-09-04T22:10:43.2631808Z,,v3,4865,4865,,"Worthley, Jeter",828636,Right,NEB,319a102b-597c-4957-9c63-682153c26e8d,55.46806,-112.38409,10.2683,6.51472,-1.58058,-17.48968,-2.1666,5.06883,1.72661,,,,,,,,,,,,,,,,,,,,,,,,,,,,,,,,,,,,,,,,,,,,,,,,,,,High,High,High,,,,,
121,2026-09-04,17:10:59.36,3,3,"Roemmich, Colton",1000594814,Right,NEB,"Fikes, Trey",10277361,Right,NEB,Undefined,4,Bottom,2,1,1,ChangeUp,Changeup,BallCalled,Undefined,Undefined,Undefined,0,0,,75.21044,-2.568554,-3.666552,1903.246081,226.267017,1:30,6.59803,1.94145,5.4964,-36.62108,13.54556,12.51127,1.13709,-0.45034,69.52599,-9.268422,-1.439778,0.509775,,,,,,,,,,,,-7.30622,7.99985,-1.62909,50,6.34807,6.52044,-108.93566,-6.0084,-8.8204,18.30307,-22.51626,NEB,NEB,UNebraska,TeamExclusive,Team,20260904-UNebraska-Private-3,82a84370-a8ad-11f1-8243-4f0324f7f614,73.9393,,,5.68445,,,,,,,3a45c290-6ade-4fcd-816b-cea7ae13fb8f,2026-09-04,22:10:59.36,2026-09-04T17:10:59.3688064-05:00,2026-09-04T22:10:59.3688064Z,,v3,4865,4865,,"Worthley, Jeter",828636,Right,NEB,e7d13725-9c0f-4e3e-85dc-328ae86b972f,55.00365,-109.77314,9.15154,6.59942,-4.97814,-11.25813,-1.93667,6.92403,-4.4102,,,,,,,,,,,,,,,,,,,,,,,,,,,,,,,,,,,,,,,,,,,,,,,,,,,High,High,High,,,,,
122,2026-09-04,17:11:14.23,3,4,"Roemmich, Colton",1000594814,Right,NEB,"Fikes, Trey",10277361,Right,NEB,Undefined,4,Bottom,2,2,1,Fastball,Sinker,FoulBallNotFieldable,Undefined,Undefined,Undefined,0,0,,90.18159,-2.054635,-3.406631,2377.085091,225.611356,1:30,6.68713,2.00985,5.59018,-18.65867,16.13021,15.34757,3.20947,0.10406,82.52975,-5.55633,-0.67274,0.424514,80.62925,23.655556,47.43421,4637.897456,66.62186,37.07329,87.52955,244.96104,178.00313,60.250337,3.390259,-8.685,9.05434,-1.72734,50,6.4984,7.09977,-130.70771,-5.30604,-15.06153,26.92196,-16.47207,NEB,NEB,UNebraska,TeamExclusive,Team,20260904-UNebraska-Private-3,8b76bfe0-a8ad-11f1-8243-4f0324f7f614,88.78972,39.11262,,7.65184,,,,-0.36565,3.02928,-0.13703,3a45c290-6ade-4fcd-816b-cea7ae13fb8f,2026-09-04,22:11:14.23,2026-09-04T17:11:14.2375424-05:00,2026-09-04T22:11:14.2375424Z,LineDrive,v3,4865,4865,,"Worthley, Jeter",828636,Right,NEB,6263fa99-2709-46ce-ba3a-b6511e1f39f6,54.90993,-131.71513,13.46098,6.68542,-4.68966,-8.23603,-2.00356,7.66338,-7.53076,232.150708,-0.36582,73.27448,-18.07004,3.76198,-0.8205,0.19122,-0.05392,0.01042,-0.00082,3.02952,47.4412,-16.99772,0.99764,-0.00358,-0.08098,0.04031,-0.00823,0.0006,-0.13732,79.78978,-5.88017,0.41366,-0.24166,0.1799,-0.06983,0.0134,-0.00102,,,,,,,,,,,,,,,,,,,,,,,High,High,High,High,Medium,,,
123,2026-09-04,17:11:36.15,3,5,"Roemmich, Colton",1000594814,Right,NEB,"Fikes, Trey",10277361,Right,NEB,Undefined,4,Bottom,2,2,2,Slider,Curveball,InPlay,Undefined,FlyBall,Out,1,0,,77.89941,-0.456635,-1.886332,2214.398715,41.250329,7:30,6.67985,2.18261,5.04973,-49.24778,-1.47504,-2.65984,2.14492,0.18112,71.50082,-9.350867,-2.357049,0.497464,93.3871,30.158285,-5.563891,3367.083035,109.58782,58.96628,-9.50828,364.79833,359.49189,-3.737117,5.160145,0.77476,-0.20406,-2.00059,50,6.59678,3.82661,-112.96242,-2.63374,0.99517,21.71579,-32.43618,NEB,NEB,UNebraska,TeamExclusive,Team,20260904-UNebraska-Private-3,9894c050-a8ad-11f1-8243-4f0324f7f614,75.76919,84.12628,,6.39859,,,,2.47529,2.35975,-0.22746,3a45c290-6ade-4fcd-816b-cea7ae13fb8f,2026-09-04,22:11:36.15,2026-09-04T17:11:36.1597440-05:00,2026-09-04T22:11:36.1597440Z,FlyBall,v3,4865,4865,,"Worthley, Jeter",828636,Right,NEB,99b9eb2e-4f77-4249-b207-48042041abbe,55.45149,-114.00558,10.85789,6.68587,-1.07558,-16.21809,-2.18326,3.7788,0.49759,185.911345,2.47646,117.84816,-21.40256,4.90466,-0.97831,0.17785,-0.02799,0.00304,-0.00015,2.3604,68.79386,-15.52654,0.30391,0.2089,-0.1193,0.03166,-0.00408,0.0002,-0.22771,-11.47727,3.41953,-0.87571,0.18315,-0.03125,0.00405,-0.00036,2E-05,,,,,,,,,,,,,,,,,,,,,,,High,High,High,High,High,,,
124,2026-09-04,17:15:20.97,1,1,"Jindra, Brody",842004,Right,NEB,"Anthony, Cal",1000594813,Left,NEB,Undefined,5,Top,0,0,0,Fastball,Sinker,BallCalled,Undefined,Undefined,Undefined,0,0,,88.3139,-1.950768,-5.266885,1986.158614,228.287853,1:30,5.8249,2.65249,5.96822,-23.1771,12.13662,12.56721,2.07641,-1.19734,82.24819,-6.243736,-3.021577,0.427704,,,,,,,,,,,,-7.62158,6.97189,-2.24101,50,5.65648,11.29006,-127.98829,-5.12745,-12.90377,21.29229,-20.37023,NEB,NEB,UNebraska,TeamExclusive,Team,20260904-UNebraska-Private-3,1e8c40c0-a8ae-11f1-8243-4f0324f7f614,88.12739,,,6.06571,,,,,,,3a45c290-6ade-4fcd-816b-cea7ae13fb8f,2026-09-04,22:15:20.97,2026-09-04T17:15:20.9757184-05:00,2026-09-04T22:15:20.9757184Z,,v3,4865,4865,,"Fikes, Trey",10277361,Right,NEB,750b4a5e-bab4-4110-8ae6-cc00c657c19f,54.53397,-128.74036,10.64614,5.82488,-4.40795,-10.18512,-2.64784,11.74584,-6.45189,,,,,,,,,,,,,,,,,,,,,,,,,,,,,,,,,,,,,,,,,,,,,,,,,,,High,High,High,,,,,
125,2026-09-04,17:15:35.57,1,2,"Jindra, Brody",842004,Right,NEB,"Anthony, Cal",1000594813,Left,NEB,Undefined,5,Top,0,1,0,Fastball,Four-Seam,StrikeSwinging,Undefined,Undefined,Undefined,0,0,,87.17178,-1.20786,-3.914451,2109.642312,216.3144,1:15,5.71735,2.84778,5.98926,-19.96619,16.42395,11.29485,2.93126,0.15543,80.39157,-4.962994,-1.890204,0.434173,,,,,,,,,,,,-6.76528,9.06914,-2.54474,50,5.61067,8.1977,-126.4891,-3.26792,-11.07967,23.17339,-17.32129,NEB,NEB,UNebraska,TeamExclusive,Team,20260904-UNebraska-Private-3,2740f3a0-a8ae-11f1-8243-4f0324f7f614,86.81425,,,6.78021,,,,,,,3a45c290-6ade-4fcd-816b-cea7ae13fb8f,2026-09-04,22:15:35.57,2026-09-04T17:15:35.5702784-05:00,2026-09-04T22:15:35.5702784Z,,v3,4865,4865,,"Fikes, Trey",10277361,Right,NEB,dc50252e-a7e1-4b22-83bc-d3584bb4dd49,54.51124,-127.31289,11.58669,5.7159,-2.65216,-8.66064,-2.84317,8.59157,-5.53984,,,,,,,,,,,,,,,,,,,,,,,,,,,,,,,,,,,,,,,,,,,,,,,,,,,High,High,High,,,,,
126,2026-09-04,17:15:52.56,1,3,"Jindra, Brody",842004,Right,NEB,"Anthony, Cal",1000594813,Left,NEB,Undefined,5,Top,0,1,1,Fastball,Sinker,StrikeCalled,Undefined,Undefined,Undefined,0,0,,89.90379,-1.825792,-4.480461,2230.111632,230.264202,1:45,5.87769,2.80561,5.82125,-20.34619,14.00048,15.68438,2.47889,-0.06151,83.24534,-5.616756,-1.679999,0.421807,,,,,,,,,,,,-9.03847,7.88237,-2.44764,50,5.71564,9.5455,-130.36796,-4.83366,-15.79832,23.39325,-18.39648,NEB,NEB,UNebraska,TeamExclusive,Team,20260904-UNebraska-Private-3,31600bf0-a8ae-11f1-8243-4f0324f7f614,89.35946,,,6.65845,,,,,,,3a45c290-6ade-4fcd-816b-cea7ae13fb8f,2026-09-04,22:15:52.56,2026-09-04T17:15:52.5678080-05:00,2026-09-04T22:15:52.5678080Z,,v3,4865,4865,,"Fikes, Trey",10277361,Right,NEB,37623904-56a0-41c9-b03d-5842011455c6,54.68028,-131.20511,11.69663,5.87683,-4.17534,-9.19824,-2.79935,10.11085,-7.89916,,,,,,,,,,,,,,,,,,,,,,,,,,,,,,,,,,,,,,,,,,,,,,,,,,,High,High,High,,,,,
127,2026-09-04,17:16:11.10,1,4,"Jindra, Brody",842004,Right,NEB,"Anthony, Cal",1000594813,Left,NEB,Undefined,5,Top,0,1,2,ChangeUp,Changeup,StrikeSwinging,Strikeout,Undefined,Undefined,0,0,,85.0711,-0.792118,-5.029565,1560.668019,261.042683,2:45,5.54238,2.92737,6.11118,-34.42915,3.76453,16.72647,1.93795,-0.34145,78.51013,-7.15014,-2.027399,0.444802,,,,,,,,,,,,-9.90457,2.50508,-2.54897,50,5.46331,10.20212,-123.3146,-2.82808,-15.3789,22.59863,-28.28441,NEB,NEB,UNebraska,TeamExclusive,Team,20260904-UNebraska-Private-3,3c70d740-a8ae-11f1-8243-4f0324f7f614,84.73973,,,6.56097,,,,,,,3a45c290-6ade-4fcd-816b-cea7ae13fb8f,2026-09-04,22:16:11.10,2026-09-04T17:16:11.1053824-05:00,2026-09-04T22:16:11.1053824Z,,v3,4865,4865,,"Fikes, Trey",10277361,Right,NEB,f8cffbc1-a7d1-4edc-a367-4a344c3512cb,54.39095,-124.11668,11.29931,5.54587,-1.8242,-14.14221,-2.92075,10.74795,-7.68945,,,,,,,,,,,,,,,,,,,,,,,,,,,,,,,,,,,,,,,,,,,,,,,,,,,High,High,High,,,,,
128,2026-09-04,17:16:43.98,2,1,"Jindra, Brody",842004,Right,NEB,"Chyr, Brody",1000594790,Left,NEB,Undefined,5,Top,1,0,0,ChangeUp,Changeup,FoulBallNotFieldable,Undefined,Undefined,Undefined,0,0,,85.41355,-0.835844,-4.018772,1521.896773,241.91845,2:00,5.75809,2.76937,5.78305,-28.93226,9.1867,15.19753,2.56743,0.29062,79.04785,-6.175599,-1.303727,0.444367,75.26331,59.513841,-82.321585,3233.970305,,,,,57.17066,,,-8.76217,5.21945,-2.44688,50,5.67137,8.10105,-123.96204,-2.77311,-13.80772,21.82489,-23.94906,NEB,NEB,UNebraska,TeamExclusive,Team,20260904-UNebraska-Private-3,5005cf90-a8ae-11f1-8243-4f0324f7f614,84.82271,77.3952,,6.36569,,,,0.76857,2.49684,-0.27605,3a45c290-6ade-4fcd-816b-cea7ae13fb8f,2026-09-04,22:16:43.98,2026-09-04T17:16:43.9809536-05:00,2026-09-04T22:16:43.9809536Z,,v3,4865,4865,,"Fikes, Trey",10277361,Right,NEB,cd0e5b3c-8772-4b7a-9704-0eae17ccb6de,54.71929,-124.79015,10.91244,5.75936,-1.8644,-11.97453,-2.7642,8.62497,-6.90386,,0.76857,7.48242,-5.83068,1.63527,-0.24434,-0.24819,0.40149,-0.27041,0.07191,2.49684,95.12526,-27.01641,3.23933,-0.63483,0.0005,0.13959,-0.10377,0.02809,-0.27605,-55.50008,3.40476,-0.36124,0.06897,-0.1111,0.14394,-0.09431,0.02504,,,,,,,,,,,,,,,,,,,,,,,High,High,High,Low,Undefined,,,
129,2026-09-04,17:17:09.48,2,2,"Jindra, Brody",842004,Right,NEB,"Chyr, Brody",1000594790,Left,NEB,Undefined,5,Top,1,0,1,Slider,Slider,InPlay,Undefined,FlyBall,Out,1,0,,80.71512,-0.143922,-3.813308,2320.303182,119.251087,10:00,5.53666,3.09792,5.75838,-39.38719,3.79343,-4.42406,2.12013,-0.82555,74.30389,-7.368304,-4.602545,0.472951,89.6991,39.872478,16.328018,3859.375706,,,,,116.52284,,,1.21689,2.3398,-2.77857,50,5.50054,7.9688,-117.04265,-1.56763,1.68907,21.96037,-28.9263,NEB,NEB,UNebraska,TeamExclusive,Team,20260904-UNebraska-Private-3,5f3b6560-a8ae-11f1-8243-4f0324f7f614,79.69636,89.70758,,6.41123,,,,2.04866,2.33698,0.78902,3a45c290-6ade-4fcd-816b-cea7ae13fb8f,2026-09-04,22:17:09.48,2026-09-04T17:17:09.4801920-05:00,2026-09-04T22:17:09.4801920Z,,v3,4865,4865,,"Fikes, Trey",10277361,Right,NEB,c13afe6b-f3d2-4170-aeb0-6544774cb5d6,54.74277,-117.92917,10.98018,5.54026,-0.3999,-14.46315,-3.09888,7.90062,0.84453,174.22031,2.04866,96.89706,-21.03035,5.52009,-2.09489,1.82868,-1.38294,0.57437,-0.0971,2.33698,84.33724,-18.26968,0.54968,1.28936,-2.22608,1.87638,-0.80146,0.13707,0.78902,28.38652,-7.79295,2.20066,-0.96668,0.93026,-0.71844,0.3002,-0.05088,,,,,,,,,,,,,,,,,,,,,,,High,High,High,High,Undefined,,,
130,2026-09-04,17:17:46.42,3,1,"Jindra, Brody",842004,Right,NEB,"Sanderson, Case",806508,Left,NEB,Undefined,5,Top,2,0,0,Fastball,Changeup,BallCalled,Undefined,Undefined,Undefined,0,0,,85.09189,-1.389259,-5.968199,1809.302277,235.035713,1:45,5.60498,2.87686,6.17205,-27.34222,10.56528,13.62784,2.03608,-1.51981,79.05711,-6.459572,-3.528621,0.443133,,,,,,,,,,,,-8.54103,6.10292,-2.43091,50,5.48497,12.38762,-123.23758,-3.83719,-13.35688,20.6172,-22.63,NEB,NEB,UNebraska,TeamExclusive,Team,20260904-UNebraska-Private-3,753835f0-a8ae-11f1-8243-4f0324f7f614,85.05896,,,6.03478,,,,,,,3a45c290-6ade-4fcd-816b-cea7ae13fb8f,2026-09-04,22:17:46.42,2026-09-04T17:17:46.4293376-05:00,2026-09-04T22:17:46.4293376Z,,v3,4865,4865,,"Fikes, Trey",10277361,Right,NEB,d2938244-e3a6-4523-829d-1ff12ae695a3,54.33179,-123.96015,10.3086,5.60556,-3.04407,-11.315,-2.87326,12.85574,-6.67844,,,,,,,,,,,,,,,,,,,,,,,,,,,,,,,,,,,,,,,,,,,,,,,,,,,High,High,High,,,,,
131,2026-09-04,17:18:04.78,3,2,"Jindra, Brody",842004,Right,NEB,"Sanderson, Case",806508,Left,NEB,Undefined,5,Top,2,1,0,Fastball,Sinker,BallCalled,Undefined,Undefined,Undefined,0,0,,89.20692,-3.125884,-5.243708,2132.567124,233.19055,1:45,5.78163,2.78736,5.74282,-22.97379,11.99005,14.76973,0.94149,-0.87795,83.16424,-7.354172,-2.614121,0.42558,,,,,,,,,,,,-8.69697,7.10327,-2.3593,50,5.50606,11.23441,-129.14725,-7.86477,-14.99436,21.64497,-19.92736,NEB,NEB,UNebraska,TeamExclusive,Team,20260904-UNebraska-Private-3,802c0360-a8ae-11f1-8243-4f0324f7f614,88.56725,,,6.04268,,,,,,,3a45c290-6ade-4fcd-816b-cea7ae13fb8f,2026-09-04,22:18:04.78,2026-09-04T17:18:04.7839232-05:00,2026-09-04T22:18:04.7839232Z,,v3,4865,4865,,"Fikes, Trey",10277361,Right,NEB,bedbd50c-bb00-4c26-8abb-6557bf619e24,54.75987,-129.94255,10.82249,5.78158,-7.13258,-9.96368,-2.78221,11.78535,-7.49718,,,,,,,,,,,,,,,,,,,,,,,,,,,,,,,,,,,,,,,,,,,,,,,,,,,High,High,High,,,,,
132,2026-09-04,17:18:26.45,3,3,"Jindra, Brody",842004,Right,NEB,"Sanderson, Case",806508,Left,NEB,Undefined,5,Top,2,2,0,Slider,Slider,StrikeCalled,Undefined,Undefined,Undefined,0,0,,82.44567,0.678565,-1.905442,2376.153512,159.30357,11:15,5.59001,2.94231,5.67983,-34.67683,6.08063,-1.89752,3.33321,1.00727,76.72595,-5.682695,-2.244406,0.459489,,,,,,,,,,,,0.52882,3.29059,-2.78049,50,5.62529,4.06387,-119.88782,0.25864,0.78332,19.3201,-27.2998,NEB,NEB,UNebraska,TeamExclusive,Team,20260904-UNebraska-Private-3,8d23b720-a8ae-11f1-8243-4f0324f7f614,82.03127,,,5.71972,,,,,,,3a45c290-6ade-4fcd-816b-cea7ae13fb8f,2026-09-04,22:18:26.45,2026-09-04T17:18:26.4566272-05:00,2026-09-04T22:18:26.4566272Z,,v3,4865,4865,,"Fikes, Trey",10277361,Right,NEB,05b2c035-6e11-411c-9cd0-0ffb9a3a0501,54.82115,-120.66225,9.66005,5.59299,1.35293,-13.6499,-2.94276,4.03247,0.39166,,,,,,,,,,,,,,,,,,,,,,,,,,,,,,,,,,,,,,,,,,,,,,,,,,,High,High,High,,,,,
133,2026-09-04,17:18:44.20,3,4,"Jindra, Brody",842004,Right,NEB,"Sanderson, Case",806508,Left,NEB,Undefined,5,Top,2,2,1,Slider,Slider,FoulBallNotFieldable,Undefined,Undefined,Undefined,0,0,,81.84401,-0.663877,-3.089285,2445.909993,151.190217,11:00,5.7004,3.0158,5.78617,-32.25301,9.50989,-4.54638,2.39408,-0.23996,75.46417,-6.614562,-3.901714,0.465122,91.21444,-7.207237,64.601237,,,,,20.23487,19.50687,56.666615,0.139012,1.51512,5.40032,-2.75814,50,5.6261,6.58478,-118.78959,-2.4013,2.17417,21.84537,-24.42466,NEB,NEB,UNebraska,TeamExclusive,Team,20260904-UNebraska-Private-3,97afe920-a8ae-11f1-8243-4f0324f7f614,81.03777,2.33689,,6.37984,,,,3.19306,2.33689,0.21253,3a45c290-6ade-4fcd-816b-cea7ae13fb8f,2026-09-04,22:18:44.20,2026-09-04T17:18:44.2020864-05:00,2026-09-04T22:18:44.2020864Z,GroundBall,v3,4865,4865,,"Fikes, Trey",10277361,Right,NEB,166a12f3-1839-4ea8-9950-13ee495f6a93,54.71467,-119.65348,10.92268,5.70196,-1.43542,-12.21233,-3.01684,6.4988,1.08708,180,3.19103,57.01823,,,,,,,,2.33749,-16.81075,,,,,,,,0.20824,120.0868,,,,,,,,,,,,,,,,,,,,,,,,,,,,,,High,High,High,High,High,,,
134,2026-09-04,17:19:13.49,3,5,"Jindra, Brody",842004,Right,NEB,"Sanderson, Case",806508,Left,NEB,Undefined,5,Top,2,2,2,ChangeUp,Changeup,FoulBallNotFieldable,Undefined,Undefined,Undefined,0,0,,84.59693,-1.80508,-4.837153,1815.941177,237.809716,2:00,5.46928,2.96442,6.25336,-27.03584,11.24158,16.11308,1.54516,-0.16424,78.33169,-6.842193,-1.937497,0.44529,81.69378,57.609385,-61.006781,4471.146464,,,,,66.60243,,,-9.62445,6.61571,-2.61245,50,5.32119,9.79279,-122.68147,-4.68282,-14.8457,21.51749,-21.96934,NEB,NEB,UNebraska,TeamExclusive,Team,20260904-UNebraska-Private-3,a920a1e0-a8ae-11f1-8243-4f0324f7f614,84.64697,82.32396,,6.26524,,,,2.58286,1.41124,0.23713,3a45c290-6ade-4fcd-816b-cea7ae13fb8f,2026-09-04,22:19:13.49,2026-09-04T17:19:13.4929408-05:00,2026-09-04T22:19:13.4929408Z,,v3,4865,4865,,"Fikes, Trey",10277361,Right,NEB,82e1bb6b-ff16-4ea8-80f4-4776fad3cab1,54.24965,-123.42458,10.75874,5.46982,-3.92411,-10.98467,-2.9595,10.30549,-7.42285,140.912958,2.58286,31.10942,-12.0073,3.11967,0.2827,-2.18138,2.65251,-1.50987,0.33531,1.41124,101.17529,-29.77485,3.80497,-0.52316,-0.42805,0.61301,-0.3474,0.07567,0.23714,-56.14177,1.06521,0.62181,0.37275,-1.41229,1.70604,-0.97743,0.21862,,,,,,,,,,,,,,,,,,,,,,,High,High,High,High,Undefined,,,
135,2026-09-04,17:19:41.43,3,6,"Jindra, Brody",842004,Right,NEB,"Sanderson, Case",806508,Left,NEB,Undefined,5,Top,2,2,2,Slider,Slider,InPlay,Undefined,FlyBall,Out,1,0,,79.4421,-0.050811,-3.670704,2495.042986,160.17006,11:15,5.68434,3.14547,5.51032,-42.43502,2.63512,-0.44075,2.10048,-0.32866,72.98427,-7.799593,-3.74905,0.483188,99.96624,39.751878,10.412941,3820.92234,109.02156,91.46112,14.63855,336.25126,331.2042,5.355518,6.230676,-0.81075,1.72118,-2.82455,50,5.65116,7.40441,-115.15245,-1.51079,-1.08722,21.63785,-29.86594,NEB,NEB,UNebraska,TeamExclusive,Team,20260904-UNebraska-Private-3,b9d00670-a8ae-11f1-8243-4f0324f7f614,78.00783,130.67125,,6.45783,,,,2.77079,2.3687,0.25516,3a45c290-6ade-4fcd-816b-cea7ae13fb8f,2026-09-04,22:19:41.43,2026-09-04T17:19:41.4359552-05:00,2026-09-04T22:19:41.4359552Z,FlyBall,v3,4865,4865,,"Fikes, Trey",10277361,Right,NEB,6c75e215-f7fb-4f4a-975d-7cd1dab849f2,54.9908,-116.08647,10.81893,5.68854,-0.22161,-14.93297,-3.14518,7.45134,-0.54361,166.078233,2.77291,110.80801,-28.35893,7.4308,-1.4007,0.16325,-0.00678,-0.0005,4E-05,2.35601,93.97165,-19.42072,0.97096,-0.17816,0.06764,-0.01238,0.00096,-3E-05,0.25427,20.37509,-10.58511,3.68515,-0.8959,0.14846,-0.01443,0.00066,-1E-05,,,,,,,,,,,,,,,,,,,,,,,High,High,High,High,Medium,,,